text,label,source
When will my card be here?,Inquiry,banking77
"Free entry to the gr8prizes wkly comp 4 a chance to win the latest Nokia 8800, PSP or £250 cash every wk.TXT GREAT to 80878 http//www.gr8prizes.com 08715705022",Other,sms_spam
"This was a good movie, but thanks to Heath Ledger's performance in the The Dark Knight this movie finishes second.",Feedback,amazon_polarity
"Once again, I am very pleased with the service of Amazon.com.The order was received in good shape and rapid time.Thank you Amazom",Feedback,amazon_polarity
What places will accept my card?,Inquiry,banking77
When will I see an updated balance after a transfer?,Complaint,banking77
I am unable to prove my identity,Complaint,banking77
Are there fees for adding money with an International card?,Inquiry,banking77
"My funds are low, can I auto top up?",Inquiry,banking77
No no. I will check all rooms befor activities,Other,sms_spam
Excellent introduction for young children to experience many different animals,Feedback,amazon_polarity
I had to read this book for school and I loved it. I reccomend this book to anyone who likes mystery and tension in books.,Feedback,amazon_polarity
I deposited money but my balance hasn't been updated yet.,Complaint,banking77
How are foreign exchange rates determined?,Inquiry,banking77
What US cards do you accept?  I only have 1 other.,Inquiry,banking77
PRIVATE! Your 2003 Account Statement for 07815296484 shows 800 un-redeemed S.I.M. points. Call 08718738001 Identifier Code 41782 Expires 18/11/04,Other,sms_spam
You have WON a guaranteed £1000 cash or a £2000 prize. To claim yr prize call our customer service representative on 08714712412 between 10am-7pm Cost 10p,Other,sms_spam
"Plenty of action and almost lives up to the others in the franchise. However, not to be missed or overlooked as one of the btter robot wars themed movies.",Feedback,amazon_polarity
My balance is not what I thought it was following an ATM withdrawal,Complaint,banking77
"Do you know why god created gap between your fingers..? So that, One who is made for you comes &amp; fills those gaps by holding your hand with LOVE..!",Other,sms_spam
"This weeks SavaMob member offers are now accessible. Just call 08709501522 for details! SavaMob, POBOX 139, LA3 2WU. Only £1.50/week. SavaMob - offers mobile!",Other,sms_spam
A romantic story about Poldark family based on Winston Graham books.A TV british production very well adapted to story times. Relates thestory events witn Historic facts.,Feedback,amazon_polarity
I accidentally deleted the message. Resend please.,Other,sms_spam
Sunshine Quiz Wkly Q! Win a top Sony DVD player if u know which country Liverpool played in mid week? Txt ansr to 82277. £1.50 SP:Tyrone,Other,sms_spam
My credit card for was not approved for a top-up transaction.  What happened?,Complaint,banking77
"Good good, billy mates all gone. Just been jogging, again! Did enjoy concert?",Other,sms_spam
A classic and must have for parents. It helps to know that you are not alone and going insane when such normal situations occur within your family.,Feedback,amazon_polarity
I am having trouble to verify my identity,Complaint,banking77
Can I change my information?,Inquiry,banking77
"DVD works great, no problems. Case was in great condition along with disc. Nothing better than watching this creepy classic on DVD rather than an old VHS",Feedback,amazon_polarity
"FREE2DAY sexy St George's Day pic of Jordan!Txt PIC to 89080 dont miss out, then every wk a saucy celeb!4 more pics c PocketBabe.co.uk 0870241182716 £3/wk",Other,sms_spam
"Why wasn't it obvious that you charge for payments? If you put the fees in an easy to read format, this could have been avoided.",Complaint,banking77
"Hi, My card withdrawal was declined this morning. It was working fine till yesterday. Please check and inform me.",Complaint,banking77
So much fun!!!! Very easy moves that actually make you feel like you worked out!! great dvd!,Feedback,amazon_polarity
My disposable virtual card doesn't seem to work,Complaint,banking77
Why tired what special there you had,Other,sms_spam
What locations can a card be delivered to?,Inquiry,banking77
"My life Means a lot to me, Not because I love my life, But because I love the people in my life, The world calls them friends, I call them my World:-).. Ge:-)..",Other,sms_spam
Can you tell me where to find top up by cash deposit?,Inquiry,banking77
WIN a year supply of CDs 4 a store of ur choice worth £500 & enter our £100 Weekly draw txt MUSIC to 87066 Ts&Cs www.Ldew.com.subs16+1win150ppmx3,Other,sms_spam
What do I do if I think someone managed to get my card information?,Complaint,banking77
Leverage is the best show ever! Can't believe it was cancelled. I hope another network picks it up. Until then I will buy all Leverage seasons.,Feedback,amazon_polarity
"Latest News! Police station toilet stolen, cops have nothing to go on!",Other,sms_spam
"There is a pending transaction on my account, what does this mean?",Complaint,banking77
What is the tracking number for my card that was mailed?,Inquiry,banking77
When do you charge fees on accounts? I just saw a charge on my statement.,Complaint,banking77
I tired to deposit some cash into my account but it's not there,Complaint,banking77
"Beautifully descriptive, tragic story. Little pearl was the most captivating character in my opinion. Good read, would recommend to Jane Austen fans.",Feedback,amazon_polarity
Your weekly Cool-Mob tones are ready to download !This weeks new Tones include: 1) Crazy Frog-AXEL F>>> 2) Akon-Lonely>>> 3) Black Eyed-Dont P >>>More info in n,Other,sms_spam
It's been a week since I ordered my card and it's not here. Please help?,Inquiry,banking77
Michael continues to do greqt shows on the American Songbook. His great voice and his piano playing makes for a great show.,Feedback,amazon_polarity
Can you explain your exchange rate policy? I don't think I received the correct amount of cash in my ATM transaction.,Complaint,banking77
What's the process for exchanges?,Inquiry,banking77
Watching telugu movie..wat abt u?,Other,sms_spam
"Cool, we shall go and see, have to go to tip anyway. Are you at home, got something to drop in later? So lets go to town tonight! Maybe mum can take us in.",Other,sms_spam
"TDKR is a good movie, but I enjoyed TDK more. Having the villian's faced covered was a gamble. I'm not sure whether it paid off. Ledger was iconic in TDK.",Feedback,amazon_polarity
How do you determine your exchange rates?,Inquiry,banking77
Why am i being charged for withdrawing cash funds?,Complaint,banking77
"This product is an excellent bargain, easy to assemble, and the best shield for hot and rainy Miami!. I have now ordered three!",Feedback,amazon_polarity
Grrrrrrrrrrrr. Eye candy and a good actor too. What's not to like. Great movie and have enjoyed this whole trilogy but this was the greatest to end it too.,Feedback,amazon_polarity
Where do I access the auto top-up function?,Inquiry,banking77
"If you want a fantastic representation of them at their creative zenith , this is it. Of course nothing by them would dissappoint.",Feedback,amazon_polarity
"I have a direct debit transaction I have not set up, but would like to .",Complaint,banking77
At what cash machines can I change my PIN?,Inquiry,banking77
I tried using my card at multiple vendors and now it's not working.,Complaint,banking77
"Could you please check one of my transfer which i made few hours ago from my UK bank account, as its not showing yet.",Complaint,banking77
I think I was charged extra on my payment on last Saturday.  Maybe the exchange rate was wrong?  I'd like a refund.,Complaint,banking77
"I need you to stop the transfer I just started as soon as possible, I just realized it's not correct!",Inquiry,banking77
Is that seriously how you spell his name?,Other,sms_spam
Where can I update my pin number?,Inquiry,banking77
"Had to get this for my brother for Christmas.Too many great memories of coming home from school, eating cheese-its, waiting for He-Man to come on.Awww...the 80's",Feedback,amazon_polarity
2006 Coast to Coast for PC is great! The graphics are awesome... The game is what I had hoped for and a lot more!!,Feedback,amazon_polarity
I'm looking for the cash deposit top up option but can't find it. Can you help me?,Inquiry,banking77
"This product is great for hardwood/tile floors, however, it does not work very well on carpeting.",Feedback,amazon_polarity
The evo. I just had to download flash. Jealous?,Other,sms_spam
Where is my PIN number located?,Inquiry,banking77
"Congrats 2 mobile 3G Videophones R yours. call 09063458130 now! videochat wid ur mates, play java games, Dload polypH music, noline rentl. bx420. ip4. 5we. 150p",Other,sms_spam
"If I were to transfer, what would the cost be?",Inquiry,banking77
"Hello, i just checked my statement and there seems to be a payment from my card that I have never seen before.",Complaint,banking77
Happy birthday to you....dear.with lots of love.rakhesh NRI,Other,sms_spam
Just finished eating. Got u a plate. NOT leftovers this time.,Other,sms_spam
how many transactions can go on a disposable card?,Inquiry,banking77
"WELL DONE! Your 4* Costa Del Sol Holiday or £5000 await collection. Call 09050090044 Now toClaim. SAE, TCs, POBox334, Stockport, SK38xh, Cost£1.50/pm, Max10mins",Other,sms_spam
I bought this as a gift for my sister. She picked it out and enjoys playing it. I have not used it.,Feedback,amazon_polarity
"I don't know why the deposit I made a week ago still hasn't showed up, I really need the money now.",Complaint,banking77
"A very interesting book--different from otherbooks from this author,but I enjoyed it.Hope there he will continue it in anotherbook.",Feedback,amazon_polarity
"I absolutely love this bag! I use it for work, for weekend activities, and for traveling. I believe Wenger products are extremely reliable!",Feedback,amazon_polarity
So its to be poking man everyday that they teach you in canada abi! How are you. Just saying hi.,Other,sms_spam
I don't know want the book is about yet Hahaha so can I read now? Thank you ? This is I don't know,Feedback,amazon_polarity
"I need to make a transfer from Europe, how many days does this take?",Inquiry,banking77
There was a transaction this morning that I'd like to reverse.,Inquiry,banking77
"Why does the ATM continually decline my card? I've tried multiple times on different machines with the same results. I thought I had enough funds for this, so please help me understand why this is happening.",Complaint,banking77
Fine. Boys and the toys or trains I forget how many times kids can watch a movie and then watch it again,Feedback,amazon_polarity
"Urgent! Please call 09066612661 from your landline, your complimentary 4* Lux Costa Del Sol holiday or £1000 CASH await collection. ppm 150 SAE T&Cs James 28, EH74RR",Other,sms_spam
How do I link a new payment card?,Inquiry,banking77
Why hasn't my friend received the transaction?,Complaint,banking77
Van Halen release for Van Halen lovers. Can't go wrong with this one. It is in heavy rotation on my playlists for sure along with their new one.,Feedback,amazon_polarity
"I'm currently not in possession of my phone, is it still possible to go about things normally without access to the app?",Complaint,banking77
This is a great book that anyone would like no matter what political party they back.,Feedback,amazon_polarity
"This book is a great starters guide to owning and basic understanding of the history of Burmese cats. Useful basic information on care, feeding and breeding.",Feedback,amazon_polarity
A good book for Self-Defense folks. I was hoping for something new but it pretty much reiterated what we already know (preaching to the choir). Not a bad evening read.,Feedback,amazon_polarity
Is there any way to get another card on the same account?,Inquiry,banking77
fav. ratt album all tracks just roll together! good album to plug in and listen to from start to finish!!!!,Feedback,amazon_polarity
"Amazing. Gorgeous. Inspired. Layers on Layer's sound layered layers. If Sundays went to School, 13 would be the Youngsters and God the touch.",Feedback,amazon_polarity
Can I have more physical cards?,Inquiry,banking77
"Sort your top up out please! It's been pending since an hour already, can you please make this go through asap I really need the money",Complaint,banking77
Also are you bringing galileo or dobby,Other,sms_spam
Ok. I.ll do you right later.,Other,sms_spam
Can I go ahead and use my account even though my identify hasn't been verified yet?,Inquiry,banking77
What's the tracking on the card you sent?,Inquiry,banking77
"Sjipping was fast. When I installed it, I found out it came with a defective transducer. Called the company, they sent a new one. Installed it. Working fine now.",Feedback,amazon_polarity
My disposable virtual card has been rejected by the merchant earlier today. What should I do?,Complaint,banking77
Dear 0776xxxxxxx U've been invited to XCHAT. This is our final attempt to contact u! Txt CHAT to 86688 150p/MsgrcvdHG/Suite342/2Lands/Row/W1J6HL LDN 18yrs,Other,sms_spam
Boltblue tones for 150p Reply POLY# or MONO# eg POLY3 1. Cha Cha Slide 2. Yeah 3. Slow Jamz 6. Toxic 8. Come With Me or STOP 4 more tones txt MORE,Other,sms_spam
"Amazing for shots in long exposure in night storms, sky photography,etc. It is a really useful tool for serious phtographers.",Feedback,amazon_polarity
What ATMs will accept this type of card?,Inquiry,banking77
"I need to add more funds to my card today because it keeps being declined, and I need to use it immediately. Can you fix this or tell me alternatives?",Complaint,banking77
"Haha just kidding, papa needs drugs",Other,sms_spam
Hi kindly give us back our documents which we submitted for loan from STAPATI,Other,sms_spam
"When using my card I was charged a fee for doing so, why?",Complaint,banking77
Payment i did not do,Complaint,banking77
"I just looked at my app and it seems I was charged extra, why is that?",Complaint,banking77
"This is a wonderful book. Especially if you're in a 12 step program,but for anybody. It brings in a lot of spiritual history as well.",Feedback,amazon_polarity
I did not receive the right amount of cash.,Complaint,banking77
"Hi, I lost my phone yesterday, what can I do to stop someone using my account on it?",Complaint,banking77
"Thanks for your Ringtone Order, Reference T91. You will be charged GBP 4 per week. You can unsubscribe at anytime by calling customer services on 09057039994",Other,sms_spam
todays vodafone numbers ending with 0089(my last four digits) are selected to received a £350 award. If your number matches please call 09063442151 to claim your £350 award,Other,sms_spam
Can you help me reset my password?,Inquiry,banking77
Went to ganesh dress shop,Other,sms_spam
What cards and currencies are supported?,Inquiry,banking77
I need help with a lost card,Complaint,banking77
At what ATMS am I able to use the card?,Inquiry,banking77
Why is it showing that my account has been charged a dollar that is showing as pending?,Complaint,banking77
"Love the cd. Can't wait for ""Spiritual Kind"". Truely one of America's better singer/song writers.",Feedback,amazon_polarity
I am reviewing this so it won't show up on my recommendations any more. I haven't actually played it. Poop.,Feedback,amazon_polarity
What are the reasons why a card payment would be declined?,Complaint,banking77
"Not sure why all the negative reviews. I found it as fun as the first one, and I loved the use of the 3d. Bravo to the cast...love the voices.",Feedback,amazon_polarity
"Romantic Paris. 2 nights, 2 flights from £79 Book now 4 next year. Call 08704439680Ts&Cs apply.",Other,sms_spam
"A very well designed bag thats just the right size for my needs, very adaptable and top quality.",Feedback,amazon_polarity
"I would have to rate this as their best album so far. Every song is great, it's like putting on Zeppelin 2.",Feedback,amazon_polarity
Is there a reason my payment is still pending?,Complaint,banking77
I think this is a great idea. The only bad thing is I can't figure out the photocasting. It doesn't work for me.,Feedback,amazon_polarity
"This is the 2nd time we have tried 2 contact u. U have won the 750 Pound prize. 2 claim is easy, call 08712101358 NOW! Only 10p per min. BT-national-rate",Other,sms_spam
I bought this for my 6 year old niece to go along with Uncle Milton's Rainbow in My Room for Christmas.,Feedback,amazon_polarity
"arrived on time and as described. Gave it as a gift, my son has enjoyed it and has had no complaints.",Feedback,amazon_polarity
disposable virtual card can be ordered where?,Inquiry,banking77
need to know if there is a maximum i can top up,Inquiry,banking77
Someone I don't know has used my card without permission.,Complaint,banking77
I just got this for christmas and it is great! Baker does a great job in writing and illustrating this wonderful book.,Feedback,amazon_polarity
WOW! The Boys R Back. TAKE THAT 2007 UK Tour. Win VIP Tickets & pre-book with VIP Club. Txt CLUB to 81303. Trackmarque Ltd info@vipclub4u.,Other,sms_spam
"BangBabes Ur order is on the way. U SHOULD receive a Service Msg 2 download UR content. If U do not, GoTo wap. bangb. tv on UR mobile internet/service menu",Other,sms_spam
My card payment did not go through.,Complaint,banking77
I have to verify the source of my funds,Inquiry,banking77
This is a must have item for any one taking low pictures. Also is great for keeping your face away from the view screen,Feedback,amazon_polarity
In what countries do you do business?,Inquiry,banking77
"This show has hooked me like no other show since the X files, it's well written and the characters are just perfect, sure i won't be dissapointed with Razor.",Feedback,amazon_polarity
"I hadn't seen this for some time, but was introduced to Eva Cassidy (on the jukebox) by it. Definitely an endearing film.",Feedback,amazon_polarity
"If you are waiting for verification, it can take 10 minutes to 60 minutes to get results.You will hear from us once we have it.  Please make sure your images are clear and photos of documents are readable. you have to be at least 18 years old and live withing the Economic Area of Europe or in Switzerland in order to open an account.",Complaint,banking77
This book really tells who in our Country dislikes America. The 100 people are very narrow minded people. It is an eyeopening book - very informative read.,Feedback,amazon_polarity
"I received one of these as a gift, and it is just the softest lovie ever! Another great product from the people who make my favorite blankets!!!!",Feedback,amazon_polarity
"These earbuds are comfortable and produce a great sound. The lengthy cord is a bonus.Btw, I almost didn't notice the earbud covers b/c they're tucked inside the cardboard packaging.",Feedback,amazon_polarity
18 days to Euro2004 kickoff! U will be kept informed of all the latest news and results daily. Unsubscribe send GET EURO STOP to 83222.,Other,sms_spam
The card has suffered a security breach.,Complaint,banking77
U have a Secret Admirer who is looking 2 make contact with U-find out who they R*reveal who thinks UR so special-call on 09065171142-stopsms-08718727870150ppm,Other,sms_spam
Can I top-up as much as I want?,Inquiry,banking77
Tell me about the limit for top ups.,Inquiry,banking77
Where do I pay with my card?,Inquiry,banking77
"Okay, good, no problem, and thanx!",Other,sms_spam
Why do we need to verify a top-up card?,Inquiry,banking77
83039 62735=£450 UK Break AccommodationVouchers terms & conditions apply. 2 claim you mustprovide your claim number which is 15541,Other,sms_spam
What is the refund process?,Inquiry,banking77
Please help.  The card won't work.,Complaint,banking77
I would like to track the card you sent to me.,Inquiry,banking77
Yes:)here tv is always available in work place..,Other,sms_spam
Lol! U drunkard! Just doing my hair at d moment. Yeah still up 4 tonight. Wats the plan?,Other,sms_spam
Could you explain why my top-up has gone through yet?,Complaint,banking77
"complete, to my knowledge. besides, the book has both simplified and traditional characters. I wished they had pinyin on the example-sentences too.",Feedback,amazon_polarity
You were supposed to wake ME up &gt;:(,Other,sms_spam
ITS A LAPTOP TAKE IT WITH YOU.,Other,sms_spam
How come I did not get a virtual card yet?,Inquiry,banking77
I cant wait to get this movie on Blu Ray..I already own the first 2 but its gonna be worth seeing them on Blu Ray in HD!!,Feedback,amazon_polarity
I loved the CD. I use it on my treadmill to keep me activated.The songs are fast paced and great to keep you motivated....She Bangs! and Living La Vida Loca!,Feedback,amazon_polarity
"Fantastic Film and story excellent the best batman and great collectionthe blu ray is excellent, I Love This Movie.",Feedback,amazon_polarity
"Came in a timely fashion, and was better than I expected. The tone is wonderful! My granddaughter was pleasently surprised.",Feedback,amazon_polarity
"Very different to the usual Grisham lawyer style books, but really good and captivating book! Highly recommended, at least by me!",Feedback,amazon_polarity
Am I able to order a disposable virtual card?,Inquiry,banking77
Those were my exact intentions,Other,sms_spam
Can I auto-top up?  How do I do it?,Inquiry,banking77
Talk sexy!! Make new friends or fall in love in the worlds most discreet text dating service. Just text VIP to 83110 and see who you could meet.,Other,sms_spam
i liked this product it was clear and easy to see and understand . It was just like stitting in the clasroom and watching the teacher.,Feedback,amazon_polarity
What's going on with my balance? Shouldn't it be a bit higher since I deposited a cheque a day ago?,Complaint,banking77
Where do I verify my identity?,Inquiry,banking77
Why is the exchange rate wrong for my international withdrawal?,Complaint,banking77
I recommend this to any parent or teacher!!! Our boys have learned from and enjoyed this so much! Thank you!,Feedback,amazon_polarity
I have a payment in my statement that is off,Complaint,banking77
But my family not responding for anything. Now am in room not went to home for diwali but no one called me and why not coming. It makes me feel like died.,Other,sms_spam
sadly there's not to many gargoyle moves if you gota have one it's this one but would like the earlier ones,Feedback,amazon_polarity
Sos! Any amount i can get pls.,Other,sms_spam
I keep checking my statements but no progress.I requested a refund but seems it's not reaching my account for some reason. Can you please help me get the money back from the seller for me,Complaint,banking77
What do I do if I think someone has used my card without permission? I can see a few transactions I don't recognize.,Complaint,banking77
"product arrived in fine condition. it is wonderful to return to witty, intelligent dialogue and finely dressed characters. a wonderful visit to slower paced times.",Feedback,amazon_polarity
"For ur chance to win a £250 wkly shopping spree TXT: SHOP to 80878. T's&C's www.txt-2-shop.com custcare 08715705022, 1x150p/wk",Other,sms_spam
Is there an extra fee for using an ATM?,Complaint,banking77
you cannot play classical guitar holding the instrument like this :)and it would work better with a small size guitar or ukulele,Feedback,amazon_polarity
"My PIN seems to be blocked, help me access it?",Complaint,banking77
How old do you have to be to get an account?,Inquiry,banking77
I've tried numerous times to submit a transfer of funds. Why isn't it going through?,Complaint,banking77
No long winded review here. Lots of fun and a great look at the times we live in. It'll make you want to revist Tale of Two Cities too.,Feedback,amazon_polarity
I would like some help getting a refund back from a seller. It still isn't showing up on my statement and I requested this a long time ago. I'm not sure why it's not returned yet. Can you assist me in getting this money back?,Complaint,banking77
"Sorry I missed you babe. I was up late and slept in. I hope you enjoy your driving lesson, boytoy. I miss you too ... *teasing kiss*",Other,sms_spam
I would like to delete my account please.,Inquiry,banking77
"Hey Boys. Want hot XXX pics sent direct 2 ur phone? Txt PORN to 69855, 24Hrs free and then just 50p per day. To stop text STOPBCM SF WC1N3XX",Other,sms_spam
U’ve Bin Awarded £50 to Play 4 Instant Cash. Call 08715203028 To Claim. EVERY 9th Player Wins Min £50-£500. OptOut 08718727870,Other,sms_spam
The is my husband preferred tea and he has been drinking it for many years now. This product was shipped promptly.,Feedback,amazon_polarity
This is great if you have a laundry room with more space. Tuck it in a corner. This comes in so handy when I need someplace to hang shirts:),Feedback,amazon_polarity
K. I will sent it again,Other,sms_spam
What reason did my top-up fail for?,Complaint,banking77
I don't know the code for the app.,Inquiry,banking77
Kent vale lor... Ü wait 4 me there ar?,Other,sms_spam
"This is a wonderful tool for any geometry student, the book has all the answers for all the problems in the text book.",Feedback,amazon_polarity
"I only use this type of ball point pens and while I didnt notice they were fine tip, its a pen, it writes, its job is done.",Feedback,amazon_polarity
Are there charges for topping up US cards?,Inquiry,banking77
I transferred some cash and it has not arrived yet.,Complaint,banking77
why have i not got my new card?,Inquiry,banking77
How can I prove who I am?,Inquiry,banking77
I was using a foreign currecy to make a payment and the applied the wrong rate.,Complaint,banking77
How long do European transfers take?,Inquiry,banking77
I love Robin's guitar work on this album. Very rich and powerful solos and some very melodic tunes. Can't get enough of Trower's music.,Feedback,amazon_polarity
Loved this book as well. The movies as always stray from the book- I was pleasantly surprised and taken in by all the characters.,Feedback,amazon_polarity
Book was received in excellent condition. We have not had a chance to enjoy the book because of the busy holiday season. Looking forward to it.,Feedback,amazon_polarity
The atm won't give my card back!,Complaint,banking77
"If we hit it off, you can move in with me :)",Other,sms_spam
Is there a topping up limit?,Inquiry,banking77
Where do you get those exchange rates?,Inquiry,banking77
"Night has ended for another day, morning has come in a special way. May you smile like the sunny rays and leaves your worries at the blue blue bay. Gud mrng",Other,sms_spam
What is the current exchange rate?,Inquiry,banking77
What does it mean when it says that I have a payment that is pending?,Complaint,banking77
I lost my phone and need help protecting it.,Complaint,banking77
I have a friend who needs money as soon as possibly. If I were to transfer it how long will it take to get to her?,Complaint,banking77
Please tell me how to get a refund for something I bought.,Inquiry,banking77
What are these disposable cards meant for?,Inquiry,banking77
Works great! Been using for years. I have a lot of facial hair and very sensitive skin. This works great for me.,Feedback,amazon_polarity
this book is very good . easy to follow -- with good patterns . I would recomend this book highly !,Feedback,amazon_polarity
Very nice product. Keeps things organized. Size better for shorter trips rather than 2-week trip we were on but were helpful in keeping the smaller items together and organized.,Feedback,amazon_polarity
Tell me how to top up my account using bank transfer.,Inquiry,banking77
Does the card you sent have a way to track to it?,Inquiry,banking77
Why am I being charged for the same thing twice?,Complaint,banking77
This is the cutest Bible ever! It makes a great gift and its perfect for any little girls or pink anything lovers like myself. Great buy!,Feedback,amazon_polarity
"I got this book becauce I am in a book club, and I needed something good to read and I found it. Thank you",Feedback,amazon_polarity
For how long will my transfer be pending?,Complaint,banking77
"Sorry, I'll call later  &lt;#&gt; mins",Other,sms_spam
The App shows a fraudulent payment made on my account.,Complaint,banking77
What a great way to finish the series. The Dark Knight Rises is absolutely the best of the three but they are all good.,Feedback,amazon_polarity
Yes I know the cheesy songs from frosty the snowman :),Other,sms_spam
What's wrong with my card? The clerk at the grocery store said it was declined.,Complaint,banking77
"I wasn't sure what to expect from Billy on this soundtrack after the terrible Ransom soundtrack. This one proves to be quite good. Not anywhere near Pumpkins quality, but good.",Feedback,amazon_polarity
I can't use my card because it is not working.,Complaint,banking77
What's the time frame normally for a UK account transfer? I just made one and it's not showing up anywhere. I want to be sure that everything is good.,Complaint,banking77
Why are all my card payments being declined?,Complaint,banking77
I didn't get all the cash I asked for,Complaint,banking77
Please reserve ticket on saturday eve from chennai to thirunelvali and again from tirunelvali to chennai on sunday eve...i already see in net..no ticket available..i want to book ticket through tackle ..,Other,sms_spam
What do u want when i come back?.a beautiful necklace as a token of my heart for you.thats what i will give but ONLY to MY WIFE OF MY LIKING.BE THAT AND SEE..NO ONE can give you that.dont call me.i will wait till i come.,Other,sms_spam
:( but your not here....,Other,sms_spam
How long does it take for a new purchase to stop being considered pending?,Complaint,banking77
Great NEW Offer - DOUBLE Mins & DOUBLE Txt on best Orange tariffs AND get latest camera phones 4 FREE! Call MobileUpd8 free on 08000839402 NOW! or 2stoptxt T&Cs,Other,sms_spam
"Congratulations! Thanks to a good friend U have WON the £2,000 Xmas prize. 2 claim is easy, just call 08718726971 NOW! Only 10p per minute. BT-national-rate.",Other,sms_spam
This book was very interesting. I got many ideas while reading it. i wish I had read it before starting my businesses.,Feedback,amazon_polarity
atm would not give me cash,Complaint,banking77
"Works just as advertised with my XTi. However some people commented about using it behind the camera, unfortunately I could never get it to work that way.",Feedback,amazon_polarity
why was my transfer declined,Complaint,banking77
PRIVATE! Your 2004 Account Statement for 07742676969 shows 786 unredeemed Bonus Points. To claim call 08719180248 Identifier Code: 45239 Expires,Other,sms_spam
I just moved. How do I give you my new address?,Inquiry,banking77
Fuck babe ... What happened to you ? How come you never came back?,Other,sms_spam
Can you tell me how many currencies I can hold?,Inquiry,banking77
I forgot my PIN and now it is blocked.,Complaint,banking77
can I have multiple currencies?,Inquiry,banking77
Sevendust did is again. They put out a hard core album!!! Any Sevendust fan will definately appreciate this one.,Feedback,amazon_polarity
"I cant find my card, it's gone.",Complaint,banking77
"I made a cash deposit, but it hasn't shown up in my balance yet.",Complaint,banking77
Can you tell me where you get your exchange rates?,Inquiry,banking77
Where can I get your exchange rates from?,Inquiry,banking77
Genius what's up. How your brother. Pls send his number to my skype.,Other,sms_spam
This is the best simulation game ever made. Great base game that has been made better from years of mods!,Feedback,amazon_polarity
What is important is that you prevent dehydration by giving her enough fluids,Other,sms_spam
I made a mistake and need to cancel a transfer.,Inquiry,banking77
An ATM fee was attached to my recent withdrawal.,Complaint,banking77
i live in the US can i still get a card?,Inquiry,banking77
What do I do if my card is not working?,Complaint,banking77
How do I verify my ID?,Inquiry,banking77
I don't recognize this payment at all!  Help!,Complaint,banking77
Congratulations ur awarded either £500 of CD gift vouchers & Free entry 2 our £100 weekly draw txt MUSIC to 87066 TnCs www.Ldew.com 1 win150ppmx3age16,Other,sms_spam
i loved this book! its undoubtedly a must read!! i need a sequel! im going to be forcing the library fo get this! it definitely deserves these 5 stars!,Feedback,amazon_polarity
I do not feel comfortable verifying my identity.,Inquiry,banking77
Hi 07734396839 IBH Customer Loyalty Offer: The NEW NOKIA6600 Mobile from ONLY £10 at TXTAUCTION!Txt word:START to No:81151 & get Yours Now!4T&,Other,sms_spam
Do you offer multiple cards for the same account?,Inquiry,banking77
"My money is gone :( I had topped up recently and saw it was there and went through, but now it's disappeared, what's going on?",Complaint,banking77
Do I have to pay more for exchanges?,Inquiry,banking77
No refund showing in my statement.,Complaint,banking77
Send a logo 2 ur lover - 2 names joined by a heart. Txt LOVE NAME1 NAME2 MOBNO eg LOVE ADAM EVE 07123456789 to 87077 Yahoo! POBox36504W45WQ TxtNO 4 no ads 150p,Other,sms_spam
I am great! How are you?,Other,sms_spam
"Yeah sure, give me a couple minutes to track down my wallet",Other,sms_spam
How do I deactivate my account?,Inquiry,banking77
"This is a great product. Very low cost, excellent product. I would highly recommend it..",Feedback,amazon_polarity
After purchasing an item I noticed the exchange rate was incorrect.,Complaint,banking77
Fine am simply sitting.,Other,sms_spam
I HAVE A DATE ON SUNDAY WITH WILL!!,Other,sms_spam
"I think someone saw my PIN and I am on vacation in Spain, can I change it locally at an ATM?",Inquiry,banking77
Ya srsly better than yi tho,Other,sms_spam
Why is the exchange rate wrong when I purchase something abroad?,Complaint,banking77
"Sir, i am waiting for your call, once free please call me.",Other,sms_spam
My payment's stuck on pending.,Complaint,banking77
"I received a refund, however I cannot see it in my account",Complaint,banking77
FREE for 1st week! No1 Nokia tone 4 ur mob every week just txt NOKIA to 87077 Get txting and tell ur mates. zed POBox 36504 W45WQ norm150p/tone 16+,Other,sms_spam
Better than expected. A small amount will add dramatic heat to any dish. Quite happy with my purchase.,Feedback,amazon_polarity
Congratulations ur awarded either a yrs supply of CDs from Virgin Records or a Mystery Gift GUARANTEED Call 09061104283 Ts&Cs www.smsco.net £1.50pm approx 3mins,Other,sms_spam
"This rating is to offset the ""How could they leave out ______?"" and the ""DLR or Sammy is the one and only Van Halen."" Otherwise, 4 stars.",Feedback,amazon_polarity
Where in the app can I find my PIN?,Inquiry,banking77
There is a single payment on my card which shows as pending.,Complaint,banking77
"A boy was late 2 home. His father: ""POWER OF FRNDSHIP""",Other,sms_spam
"Great quality, great service, I love how this lock is built, it is a lot more "" substantial "" in hand than the pictures make out to be.",Feedback,amazon_polarity
I can't recall my password.,Inquiry,banking77
There is an ATM withdrawl in the app I don't recognize.,Complaint,banking77
Dear U've been invited to XCHAT. This is our final attempt to contact u! Txt CHAT to 86688,Other,sms_spam
URGENT! We are trying to contact U. Todays draw shows that you have won a £2000 prize GUARANTEED. Call 09058094507 from land line. Claim 3030. Valid 12hrs only,Other,sms_spam
Is there any fees associated with receiving money with this account?,Inquiry,banking77
The transfer on my account is not showing up.,Complaint,banking77
Oh k. . I will come tomorrow,Other,sms_spam
What is the youngest age in order to have an account?,Inquiry,banking77
Great inexpensive watch that has a calculator always at youir disposale.They last forever & never break. Only problem is band breaks after awhile.,Feedback,amazon_polarity
The person I sent money to hasn't gotten it yet!,Complaint,banking77
I use this DVD with my Kindergarten class on days we can't go out for recess. They love it! I've been using it for about 7 years now.,Feedback,amazon_polarity
Excellent book! I reviewed several books found on an annotated bibliography regarding doing oral history interviews. This one was by far the best.,Feedback,amazon_polarity
How can I verify my indentity?,Inquiry,banking77
Carlos'll be here in a minute if you still need to buy,Other,sms_spam
Should I expect to be charged for topping up by transfer?,Inquiry,banking77
You have won a Nokia 7250i. This is what you get when you win our FREE auction. To take part send Nokia to 86021 now. HG/Suite342/2Lands Row/W1JHL 16+,Other,sms_spam
Great product. Now I'll be able to study for my final exam andNot worry about depending on others to help me study.,Feedback,amazon_polarity
Interesting insight in to polygamy and Church of latter day saints. Heartbreaking in parts. Probably could have been written as a short story.,Feedback,amazon_polarity
Transfer declined.,Complaint,banking77
"The exchange rate given to me after a purchase, was incorrect",Complaint,banking77
I hope nothing has happened to Virgina. this a great series. A new book would be great.,Feedback,amazon_polarity
I have gone into get info bt dont know what to do,Other,sms_spam
How can I get my money back for a payment i didnt make,Complaint,banking77
After trying to update my account balance yesterday by cheque it doesn't seem to working. Shouldn't the process be quicker? I need my account looked at because there appears to be a problem.,Complaint,banking77
When will my top up go through?,Complaint,banking77
"This was so good it inspired me to visit Alaska. So we are off to Alaska tomorrow.Also, realistic view of salmon industry up there.",Feedback,amazon_polarity
How can people transfer money to me?,Inquiry,banking77
What countries have access to this service.,Inquiry,banking77
This was a Christmas gift and my brother loved it. Got it super fast with some other things and was able to knock it off the list!,Feedback,amazon_polarity
"
Where can I get my PIN unblocked?",Complaint,banking77
Close down my account.  I don't like your service.,Inquiry,banking77
My card payment wasn't accepted.,Complaint,banking77
Can I have one of the virtual cards?,Inquiry,banking77
How can I dispute a direct debit charge on my account?,Complaint,banking77
You still around? Looking to pick up later,Other,sms_spam
There is an extra $1 charge,Complaint,banking77
"worth sitting through. Branagh does a great job. Some of the ""bit parts"" are not only unexpected but very, very well done.",Feedback,amazon_polarity
Can you look to make sure the exchange rate is correct,Complaint,banking77
How much is the limit for top-ups?,Inquiry,banking77
This is a great reference book for counting calories. I have owned it for several years and I continue to find it usefull.,Feedback,amazon_polarity
Why is the exchange rate different from what I expected?,Complaint,banking77
What currencies are approved to add money?,Inquiry,banking77
Brian Hill - Stationhill EP1. A Line2. She's The One3. Shelly's Ghosts4. Lavaman5. Night Ministries6. Lullaby,Feedback,amazon_polarity
Hey I am really horny want to chat or see me naked text hot to 69698 text charged at 150pm to unsubscribe text stop 69698,Other,sms_spam
Why am I being declined?,Complaint,banking77
"I love slashers in the woods.Shame,that films like this doesnt exist anymore.With 80's actors that you must love,beautiful camp,sun and inventive murders,you can watch this film over and over again.",Feedback,amazon_polarity
What happen dear tell me,Other,sms_spam
What kind of charges should I expect to exchange currencies?,Inquiry,banking77
Can I order a new card by phone?,Inquiry,banking77
"We are organizing our costume stock and large quantity safety pins are in big demand. Wish this came in a larger quantity, but they do serve the purpose.",Feedback,amazon_polarity
How do I top up my account using transfer?,Inquiry,banking77
See you there!,Other,sms_spam
this game is awesome.kill lots of dinosaurs and humans.BLOODY lots of weapons and play as two different characters,Feedback,amazon_polarity
I have no idea why there is a dollar that has been charged to my account.,Complaint,banking77
URGENT! We are trying to contact you. Last weekends draw shows that you have won a £900 prize GUARANTEED. Call 09061701851. Claim code K61. Valid 12hours only,Other,sms_spam
S.i think he is waste for rr..,Other,sms_spam
"Sorry, I'll call later",Other,sms_spam
So how's scotland. Hope you are not over showing your JJC tendencies. Take care. Live the dream,Other,sms_spam
This laundry cart was worth every penny. It's very well built with excellent instructions to put it together. It makes our newly remodeled laundry room look very classy.,Feedback,amazon_polarity
Can you show me how to top up with Google play?,Inquiry,banking77
"Purchase this back in 2010 and has been on many trips since then. This product is lightweight, durable and it makes packing much easier.Everyone should use packing cubes!",Feedback,amazon_polarity
This boat is fantastic. Its alot bigger then I thought. Great quality not cheap rubber/plastic like alot of other inflatables. It is one of thhe best purchases I have made.,Feedback,amazon_polarity
mil gracias por el producto fabuloso recomiendo a este vendedor todo llego en perfectas condiciones excelentesaludos espero seguir contando con ustedes,Feedback,amazon_polarity
Double Mins & Double Txt & 1/2 price Linerental on Latest Orange Bluetooth mobiles. Call MobileUpd8 for the very latest offers. 08000839402 or call2optout/LF56,Other,sms_spam
I have a transfer that's pending and wanted to know how long it is going to take to process?,Complaint,banking77
"I purchased this for my daughter, expecting her 1st child. She loved it! Tons of information in a FUN way! Very enjoyable and informative.",Feedback,amazon_polarity
Nice variety of spices come with this spice rack and the rack is cosmetically pleasing for modern kitchens!,Feedback,amazon_polarity
"There must have been a mistake, why was I charged an extra pound?",Complaint,banking77
As techers we should learn more by reading now a days and this is a good book that helps you and gives you ideas about how to elaborate your rubrics.,Feedback,amazon_polarity
Can you tell me why I haven't received my new card yet?,Inquiry,banking77
This product definitely does what is said to do. I haven't had any problems with it and its not too thick and the power is great.,Feedback,amazon_polarity
This is the best batman yet in the three part series! I can't waite till this movie comes out on DVD and Blue-Ray!,Feedback,amazon_polarity
They are the best for measing never breat and can quickly. I bought this for my sister whosekids moving out have taken her measureing cups.,Feedback,amazon_polarity
My balance is not right. It has not been updated for the cash or cheque deposit.,Complaint,banking77
"The chipmunks are so funny. I've always like the chipmunks. I thought I bought chipwrecked but I got this one and it was funny,",Feedback,amazon_polarity
"Come original is a tight song, and backed up well. they keep their fast beat that has worked so well in the past. A great album",Feedback,amazon_polarity
do i need to wait to get my card before getting a pin,Inquiry,banking77
how much for a physical card?,Inquiry,banking77
Can you check if my money has reached my account since it is not showing up yet?,Complaint,banking77
Is the top-up amount unlimited?,Inquiry,banking77
My contactless stopped working today no matter where I try to use it. How do I get it to start working again?,Complaint,banking77
Editing my personal details,Inquiry,banking77
The ATM wouldn't allow me to withdraw money,Complaint,banking77
Why am I being charged to withdrawal money?,Complaint,banking77
"When I attempted to make a transfer, it failed.",Complaint,banking77
What do I do if my PIN was blocked?,Complaint,banking77
Nope but i'll b going 2 sch on fri quite early lor cos mys sis got paper in da morn :-),Other,sms_spam
My phone is missing or stolen.,Complaint,banking77
I am in hospital da. . I will return home in evening,Other,sms_spam
I wil be there with in  &lt;#&gt;  minutes. Got any space,Other,sms_spam
How do I order a replacement for stolen card?,Complaint,banking77
Is there a reason my new card hasn't arrived yet?,Inquiry,banking77
Can you top-up a card with a cheque?,Inquiry,banking77
How do I order a new card if my current one is about to expire?,Inquiry,banking77
"A card has been sent to me, how do I track it?",Inquiry,banking77
U have a Secret Admirer who is looking 2 make contact with U-find out who they R*reveal who thinks UR so special-call on 09065171142-stopsms-08,Other,sms_spam
I need more assistance with how to activate my card.,Inquiry,banking77
My exchange rate is wrong when I get cash.,Complaint,banking77
You will recieve your tone within the next 24hrs. For Terms and conditions please see Channel U Teletext Pg 750,Other,sms_spam
Sunshine Quiz! Win a super Sony DVD recorder if you canname the capital of Australia? Text MQUIZ to 82277. B,Other,sms_spam
FreeMsg>FAV XMAS TONES!Reply REAL,Other,sms_spam
This mold is great for what I need. Chocolate pops right out of the plastic. would buy again if needed,Feedback,amazon_polarity
Y she dun believe leh? I tot i told her it's true already. I thk she muz c us tog then she believe.,Other,sms_spam
I transferred some money to a friend of mine who urgently needs some money right now. How long will it take to get to her?,Complaint,banking77
"Eerie Nokia tones 4u, rply TONE TITLE to 8007 eg TONE DRACULA to 8007 Titles: GHOST, ADDAMSFA, MUNSTERS, EXORCIST, TWILIGHT www.getzed.co.uk POBox36504W45WQ 150p",Other,sms_spam
"I was out today looking forward to paying with my new card, turns out the payment kept getting declined. This is really sad, what's going on?",Complaint,banking77
"Great product. It's a very reliable brand, and I've always used it. Keeps it tight along with the goggles and perfect for all types of water. Sea, pool, lakes.",Feedback,amazon_polarity
"If you want to watch a movie that is earnest, clever and surprisingly delightful, I would recommend watching ""safety not guaranteed"".",Feedback,amazon_polarity
Are there businesses that don't accept this card?,Inquiry,banking77
My product was faulty.,Inquiry,banking77
I started this series and got hooked. AND I'm a dog person- but enjoy reading about the relationships the characters have with their pets- any pet.,Feedback,amazon_polarity
"The most economical place to buy them....I was ready to buy a new razor for about the price of the blades, but Amazon had them cheaper than Walmart...",Feedback,amazon_polarity
Why is my balance the same?  I processed a transfer.,Complaint,banking77
"Best Sevendust CD in years! They are back. They dropped the Electronica, the slow songs, and all the sap. Born again hard, I didn't think they could be this heavy!",Feedback,amazon_polarity
Why hasn't arrived yet a transaction I did to my friend?,Complaint,banking77
What type of deposits do you accept into my account?,Inquiry,banking77
Gr8 new service - live sex video chat on your mob - see the sexiest dirtiest girls live on ur phone - 4 details text horny to 89070 to cancel send STOP to 89070,Other,sms_spam
I'm in school now n i'll be in da lab doing some stuff give me a call when ü r done.,Other,sms_spam
How come there is an extra fee on my statement?,Complaint,banking77
Can I verify my identity online?,Inquiry,banking77
Can you tell me why my transfer is pending still?,Complaint,banking77
When will I get a virtual card? I haven't gotten one yet,Inquiry,banking77
What does pending payment mean?,Complaint,banking77
Worth the $1.99 rental price. Glad I didn't go to the theater when it was released earlier this past year,Feedback,amazon_polarity
Does a discount apply if I exchange currencies frequently?,Inquiry,banking77
What is this random charge of one pound doing on my account?,Complaint,banking77
"left phone at hotel, how to access app",Complaint,banking77
How long does it actually take for a card payment to go through? There's one stuck since a couple days already that doesn't seem to move,Complaint,banking77
The cash I asked for still hasn't been received,Complaint,banking77
WHAT IS THE ATMOSPHERE OF IT,Inquiry,banking77
I sent some money but the intended recipient says it hasn't arrived,Complaint,banking77
"Great book, has a lot of information for gardening and other applications. Recommend the book for anyone who wants to do things out doors and cooking.",Feedback,amazon_polarity
Inflates fast. Nice shape when inflated stores well. Guest are getting a good nights rest. Would reorder if we need more.,Feedback,amazon_polarity
I refuse to verify my identity.,Inquiry,banking77
"Mmmmmm ... I love you,so much, Ahmad ... I can't wait for this year to begin as every second takes me closer to being at your side. Happy New Year, my love!!",Other,sms_spam
Do you support all countries?,Inquiry,banking77
What is the daily limit on my card?,Inquiry,banking77
guy clark cold dog soup is a good CD to listen to just discoverd guy clark some i'm trying more of his music,Feedback,amazon_polarity
"This one,including the big hit 'Summer Girls',contains 13 cute songs.I always wake myself up with this CD--so I can start my day feeling cheerful,bright, and cute!",Feedback,amazon_polarity
why has a transaction to a friend been delayed?,Complaint,banking77
Why hasn't my money transfer showed up yet?,Complaint,banking77
I really like this measuring cup. I use it to reheat soup and coffee. Its 4 cup size is never too small for anything I want to put in it.,Feedback,amazon_polarity
"Strongly recommend this product to add to your dogs dinner. My dog loves the smell, and it's made a noticeable improvement in his coat.",Feedback,amazon_polarity
"I received these brush head replacements, which I discovered I couldn't buy where I'd bought the brush, very quickly. Perfect.",Feedback,amazon_polarity
There is a payment that is not mine in the App.,Complaint,banking77
I bought something in a foreign currency but the rate applied is wrong!,Complaint,banking77
Ok. I only ask abt e movie. U wan ktv oso?,Other,sms_spam
Sorry I missed your call let's talk when you have the time. I'm on 07090201529,Other,sms_spam
How do I add my new card to the app?,Inquiry,banking77
I do not have the information to verify my identify.,Complaint,banking77
"Someone U know has asked our dating service 2 contact you! Cant Guess who? CALL 09058097189 NOW all will be revealed. POBox 6, LS15HB 150p",Other,sms_spam
"Hey, I tried to withdraw some cash earlier and it's saying it's pending? Will I be charged for this?",Complaint,banking77
Now that I live in the US how can I get a card?,Inquiry,banking77
Could you please help me figure out why the seller has not received their money after I sent it.,Complaint,banking77
What stores will take my credit card as payment?,Inquiry,banking77
My love ... I hope your not doing anything drastic. Don't you dare sell your pc or your phone ...,Other,sms_spam
This was one of the most simple and cost saving things I have done. instructions were exact and took longer to put cover back on vs. change the part.,Feedback,amazon_polarity
"It's a wonderful book to have a t home, I bought this a s a gift for my mother, she's very pleased. I couldn't beleive the price, it's so low.",Feedback,amazon_polarity
For some reason my contactless won't work for me.,Complaint,banking77
Petey boy whereare you me and all your friendsare in theKingshead come down if you canlove Nic,Other,sms_spam
I just got my card.  It's not linked yet--how do I do that?,Inquiry,banking77
"I am adding money, what currencies do you accept to do this?",Inquiry,banking77
How do I know when my new card is going to arrive?,Inquiry,banking77
The clarity of the performance by Gould is astounding. Gould's touch is light and precise and conjures up the harpsichord for which this music was written.,Feedback,amazon_polarity
Can I use your app to exchange between USD and GBP,Inquiry,banking77
sports fans - get the latest sports news str* 2 ur mobile 1 wk FREE PLUS a FREE TONE Txt SPORT ON to 8007 www.getzed.co.uk 0870141701216+ norm 4txt/120p,Other,sms_spam
What fees to you have for top ups?,Inquiry,banking77
Can you tell me when my money transfer will go through,Complaint,banking77
eargels replaced old and lost ones that came with my blue tooth. they fit well and got ere quicker than expected.,Feedback,amazon_polarity
"I decided I no long want something that I ordered, and want a refund. How do I go about doing that?",Inquiry,banking77
What happens when a payment is reverted?,Complaint,banking77
I made a payment but the app reverted the payment.,Complaint,banking77
What places will accept my card for payment?,Inquiry,banking77
Would I be able to use SWIFT transfers?,Inquiry,banking77
Why did my exchange rate change?,Complaint,banking77
RGENT! This is the 2nd attempt to contact U!U have WON £1250 CALL 09071512433 b4 050703 T&CsBCM4235WC1N3XX. callcost 150ppm mobilesvary. max£7. 50,Other,sms_spam
This gigabit router works great and the price was right. Really sped up swapping large files between computers.,Feedback,amazon_polarity
"LOOK AT AMY URE A BEAUTIFUL, INTELLIGENT WOMAN AND I LIKE U A LOT. I KNOW U DONT LIKE ME LIKE THAT SO DONT WORRY.",Other,sms_spam
You all ready for * big day tomorrow?,Other,sms_spam
I'm still waiting for my card.,Inquiry,banking77
"Double mins and txts 4 6months FREE Bluetooth on Orange. Available on Sony, Nokia Motorola phones. Call MobileUpd8 on 08000839402 or call2optout/N9DX",Other,sms_spam
Should i reinstall the payment app?,Complaint,banking77
We can only hope more classics as precious and timeless as this are in our future. A must see every Christmas.,Feedback,amazon_polarity
"Finally it has happened..! Aftr decades..! BEER is now cheaper than PETROL! The goverment expects us to ""DRINK"". . . But don't ""DRIVE """,Other,sms_spam
How can I find your exchange rates?,Inquiry,banking77
Ur cash-balance is currently 500 pounds - to maximize ur cash-in now send GO to 86688 only 150p/msg. CC: 08718720201 PO BOX 114/14 TCR/W1,Other,sms_spam
I found an unauthorized card payment,Complaint,banking77
I got money overseas and the exchange rate was wrong,Complaint,banking77
I wasn't applied the correct exchange rate for an item I bought,Complaint,banking77
Do I need to verify my top-up?,Inquiry,banking77
Am I allowed to use any card to make a payment?,Inquiry,banking77
"Download as many ringtones as u like no restrictions, 1000s 2 choose. U can even send 2 yr buddys. Txt Sir to 80082 £3",Other,sms_spam
What different currencies can I get?,Inquiry,banking77
I was looking for this book for a class I was taking at night. It fit the bill & I've never been disappointed buying thru amazon. Great packaging too ...,Feedback,amazon_polarity
"The California Exotics Waterproof Delights Blue Ballsy,is to spice up the relationship and it worked since the beginning,my other half likes it.",Feedback,amazon_polarity
ATM is broken. It did not give me the full amount (30 pounds.)  I'm standing here with only 10 pounds and it's telling me it gave me 30 pounds. I need assistance now!,Complaint,banking77
This is a very heavy duty coffee maker made of metal instead of plastic. It brews excellent coffee and comes in great colors to accessorize your kitchen.,Feedback,amazon_polarity
I'm at home. Please call,Other,sms_spam
"Do you ever notice that when you're driving, anyone going slower than you is an idiot and everyone driving faster than you is a maniac?",Other,sms_spam
I just got married and need to change my name on the account,Inquiry,banking77
I have lost my phone or it has been stolen.,Complaint,banking77
You have an important customer service announcement from PREMIER.,Other,sms_spam
Tiwary to rcb.battle between bang and kochi.,Other,sms_spam
The beauty of life is in next second.. which hides thousands of secrets. I wish every second will be wonderful in ur life...!! gud n8,Other,sms_spam
How do I get to the virtual cards?,Inquiry,banking77
"I need a new card, my current card is nearly expired.",Inquiry,banking77
Why is my top-up still pending?,Complaint,banking77
Why can't I get cash out?,Complaint,banking77
A powerful story!Many tearful moments.I recommend this book for those interested in a different side of WWW II.,Feedback,amazon_polarity
"Great Buy! They are exactly the pens that I wanted, don't leak and write easily. And I got them super fast!",Feedback,amazon_polarity
My son needed this for his college education and it was very hard to find. You had it and he was very pleased.,Feedback,amazon_polarity
recommend itit really slim out my waist line clearly cleanly.hope i could buy it in beige color. could be little cheaper,Feedback,amazon_polarity
This makes a great gift for the family that has everything.Get them outside at night together to learn about the stars.,Feedback,amazon_polarity
Sorry! U can not unsubscribe yet. THE MOB offer package has a min term of 54 weeks> pls resubmit request after expiry. Reply THEMOB HELP 4 more info,Other,sms_spam
I feel I could study this translation for years and still find new pearls of wisdom. Truly excellent work.,Feedback,amazon_polarity
"UpgrdCentre Orange customer, you may now claim your FREE CAMERA PHONE upgrade for your loyalty. Call now on 0207 153 9153. Offer ends 26th July. T&C's apply. Opt-out available",Other,sms_spam
got married and need to change name,Inquiry,banking77
Is it normal to have to verify my top-up or is something wrong?,Inquiry,banking77
Can you tell me why my refund is not showing in my statement?,Complaint,banking77
"There are a couple payments with my card shown in the app that i really make myself. What's going on with this, maybe someone has access to my card?!",Complaint,banking77
"I learned a lot about the Eastern Front Luftwaffe. It is as much a study in the personalities as it is a history, strategy book.",Feedback,amazon_polarity
my card was frozen due to putting in the wrong pin too much.  how many tries do i have,Complaint,banking77
Where can i find my top-up verification code?,Inquiry,banking77
How do I reactivate my card?,Inquiry,banking77
Are there any restrictions for the disposable cards?,Inquiry,banking77
"My card got trapped inside an ATM, what should I do?",Complaint,banking77
This book was much better than I had thought it would be. The twists and turns kept you guessing about who did what. Especially good reading for horse lovers.,Feedback,amazon_polarity
Why is my card payment still a pending transaction?,Complaint,banking77
URGENT! Your Mobile number has been awarded with a £2000 prize GUARANTEED. Call 09061790121 from land line. Claim 3030. Valid 12hrs only 150ppm,Other,sms_spam
Is there a verification code for top-ups?,Inquiry,banking77
How can I top up with a cheque?,Inquiry,banking77
Had nothing but trouble with my sony 300 disc player. The pioneer works better then i expected. Did not have any problems connecting to my sony receiver.,Feedback,amazon_polarity
Batman series has only improved itself along the time. What I'm enjoying the most in these new Batman movies are the realpolitiks aspects of the plots.,Feedback,amazon_polarity
Excellent movie.William H. Macy makes portrays Bill Porter to the tee. Very tender movie.,Feedback,amazon_polarity
Will I be charged for topping up by card?,Inquiry,banking77
"This is a pretty, thin, gold colored watch at a reasonable price. It could use a second hand, though. The band is brown synthetic.",Feedback,amazon_polarity
"I requested a refund from a merchant a while ago, and upon repeatedly checking my statement, the merchant has yet to refund me my money.  I don't know what's going on, or why the money is getting into my account--could you please help?",Complaint,banking77
"To understanding the art and thoughts of Marcel Duchamp, it is required to read his writings. This edition isn't fancy, but helps a lot.",Feedback,amazon_polarity
I liked this movie and the mongol/ancient chinese/korean costume and ambiance. Decent plot carries the viewer through several well staged if small battles.,Feedback,amazon_polarity
The best cologne I've ever smelled....one spray goes so far and it's worth it. It may be a little expensive but totally worth it!!,Feedback,amazon_polarity
Why does top-up need verifying?,Inquiry,banking77
I withdrew cash and I think the exchange rate is wrong.,Complaint,banking77
Ofcourse I also upload some songs,Other,sms_spam
What types of currencies do you accept?,Inquiry,banking77
Something is wrong with my password.,Inquiry,banking77
How often am I able to top-up?,Inquiry,banking77
Todays Vodafone numbers ending with 4882 are selected to a receive a £350 award. If your number matches call 09064019014 to receive your £350 award.,Other,sms_spam
How simple is it to transfer money into my account?,Inquiry,banking77
"This is the 2nd time we have tried 2 contact u. U have won the 750 Pound prize. 2 claim is easy, call 08718726970 NOW! Only 10p per min. BT-national-rate",Other,sms_spam
maximum how many days get the courier?,Inquiry,banking77
Why has my top-up been returned to my account?,Complaint,banking77
I can't recall my passcode and need to reset it.,Inquiry,banking77
When do I see my recent refund in my statement,Complaint,banking77
"lost card found, want to put it back in app",Inquiry,banking77
Good quality - nice styling - love all the pockets - fits everything. I bought it a little too big but it still works.,Feedback,amazon_polarity
What are the reasons to be charged a fee on card payments?,Complaint,banking77
How much time do transfers typically take? I sent money to a friend who needs it urgently. It's been hours and has not gone through.,Complaint,banking77
Yup... Ok i go home look at the timings then i msg ü again... Xuhui going to learn on 2nd may too but her lesson is at 8am,Other,sms_spam
We love this stroller. Easy to fold and kids actually seem comfy in it. It steers well too.,Feedback,amazon_polarity
CLAIRE here am havin borin time & am now alone U wanna cum over 2nite? Chat now 09099725823 hope 2 C U Luv CLAIRE xx Calls£1/minmoremobsEMSPOBox45PO139WA,Other,sms_spam
Where do i find my PIN?,Inquiry,banking77
From next month get upto 50% More Calls 4 Ur standard network charge 2 activate Call 9061100010 C Wire3.net 1st4Terms PoBox84 M26 3UZ Cost £1.50 min MobcudB more,Other,sms_spam
I was charged two times for the same thing.,Complaint,banking77
What is the function of the identity check,Inquiry,banking77
Will my card be here soon?,Inquiry,banking77
I would like to get a few more physical cards.,Inquiry,banking77
All these nice new shirts and the only thing I can wear them to is nudist themed ;_; you in mu?,Other,sms_spam
terminate my account please,Inquiry,banking77
What are these disposable virtual cards all about?,Inquiry,banking77
How long will it take to deliver to the US?,Inquiry,banking77
"I know you are thinkin malaria. But relax, children cant handle malaria. She would have been worse and its gastroenteritis. If she takes enough to replace her loss her temp will reduce. And if you give her malaria meds now she will just vomit. Its a self limiting illness she has which means in a few days it will completely stop",Other,sms_spam
"The  &lt;#&gt; g that i saw a few days ago, the guy wants sell wifi only for  &lt;#&gt;  and with 3g for  &lt;#&gt; . That's why i blanked him.",Other,sms_spam
My wife is the reader and she dearly loved this book. So down to earth and factual.,Feedback,amazon_polarity
Paul Galdone captures the story just right with his wording and illustrations. This is a must-have for my grandchildren. You can't go wrong with a Paul Galdone illustrated folktale.,Feedback,amazon_polarity
Is there an age limit?,Inquiry,banking77
Why did I get a $1 extra fee on the statement?,Complaint,banking77
Bored housewives! Chat n date now! 0871750.77.11! BT-national rate 10p/min only from landlines!,Other,sms_spam
Could you please tell me how to activate my new card?,Inquiry,banking77
Do you do SWIFT transfers?,Inquiry,banking77
Great product. Works as advertise. You do have to be directly in front of the camera for it to work.,Feedback,amazon_polarity
This is the best book on the subject matter and I have read them all!!! You can not afford to neglect this resource if your are going in!!!!,Feedback,amazon_polarity
U definitely need a module from e humanities dis sem izzit? U wan 2 take other modules 1st?,Other,sms_spam
I dont have i shall buy one dear,Other,sms_spam
$9 isn't too bad for an OEM replacement lens cap. Needed to pick one up after mine was lost in the snow while skiing this winter. It works.,Feedback,amazon_polarity
Free entry in 2 a weekly comp for a chance to win an ipod. Txt POD to 80182 to get entry (std txt rate) T&C's apply 08452810073 for details 18+,Other,sms_spam
"Okies... I'll go yan jiu too... We can skip ard oso, go cine den go mrt one, blah blah blah...",Other,sms_spam
i love them they are kust what i have been needing and were exactly what i wanted and the fit my shaver and works perfect,Feedback,amazon_polarity
What's up. Do you want me to come online?,Other,sms_spam
Not heard from U4 a while. Call 4 rude chat private line 01223585334 to cum. Wan 2C pics of me gettin shagged then text PIX to 8552. 2End send STOP 8552 SAM xxx,Other,sms_spam
Can a credit card be used to transfer money?,Inquiry,banking77
Can I verify my top-up card?,Inquiry,banking77
"Well constructed. Good materials, has many inside pockets, worth the price, compare to the other cases found in retail stores.",Feedback,amazon_polarity
if im not using my account should i close it or just let it sit,Inquiry,banking77
No. She's currently in scotland for that.,Other,sms_spam
"If I were to do a transfer, what is the rate for that?",Inquiry,banking77
My identity verification isn't working,Complaint,banking77
This game is the coolest game I ever played. Once you turn the game on you're not going to want to put it down,Feedback,amazon_polarity
"I'm waiting on a top-up, its still pending",Complaint,banking77
Want 2 get laid tonight? Want real Dogging locations sent direct 2 ur mob? Join the UK's largest Dogging Network bt Txting GRAVEL to 69888! Nt. ec2a. 31p.msg@150p,Other,sms_spam
My refund for a purchase hasn't  cone through yet.,Complaint,banking77
Great action movie but story line a little off. Not the same as the rest but loaded with action. See it for sure,Feedback,amazon_polarity
I noticed an extra charge on the purchase that I made last Saturday on my account. Can you see if I received the correct exchange rate?,Complaint,banking77
How do I deposit cash?,Inquiry,banking77
"For ur chance to win a £250 cash every wk TXT: ACTION to 80608. T's&C's www.movietrivia.tv custcare 08712405022, 1x150p/wk.",Other,sms_spam
PRIVATE! Your 2003 Account Statement for <fone no> shows 800 un-redeemed S. I. M. points. Call 08715203656 Identifier Code: 42049 Expires 26/10/04,Other,sms_spam
Why is it taking so long for my pending transaction to post as cleared?,Complaint,banking77
"Dear Matthew please call 09063440451 from a landline, your complimentary 4*Lux Tenerife holiday or £1000 CASH await collection. ppm150 SAE T&Cs Box334 SK38XH.",Other,sms_spam
S s..first time..dhoni rocks...,Other,sms_spam
Why did my payment go back to my account when I bought something?,Complaint,banking77
"You are guaranteed the latest Nokia Phone, a 40GB iPod MP3 player or a £500 prize! Txt word: COLLECT to No: 83355! IBHltd LdnW15H 150p/Mtmsgrcvd18+",Other,sms_spam
You are awarded a SiPix Digital Camera! call 09061221061 from landline. Delivery within 28days. T Cs Box177. M221BP. 2yr warranty. 150ppm. 16 . p p£3.99,Other,sms_spam
K..k..any special today?,Other,sms_spam
Why was my PIN blocked?,Complaint,banking77
How do I know when my card will expire?,Inquiry,banking77
"If I can, I would like to get both Mastercard and Visa from you.",Inquiry,banking77
when the doctor made my dentures. i started to use the oral rinse and it really worked good on my canker sore it worked fast.,Feedback,amazon_polarity
"Nah can't help you there, I've never had an iphone",Other,sms_spam
My grandchildren found this in our public library and begged me to buy one for at home. It is one of the best learning games I run into.,Feedback,amazon_polarity
Very great viewing quality and great movie! Great support to help you do it if you've never used it before.,Feedback,amazon_polarity
Are there any documents needed for the identity check?,Inquiry,banking77
Can I convert currency with the app?,Inquiry,banking77
Why would you decline my card?,Complaint,banking77
This is a very effective toy. After rolling a few 7's or 11's it becomes obvious that even a cursory examination will expose cheating methodology.,Feedback,amazon_polarity
Came very quickly and was just as described. I love this cd. The case is clear and the cd has no scratches. I am very happy with my purchase.,Feedback,amazon_polarity
"Apple watch top up help, please?",Inquiry,banking77
Will I get charged for topping off my card?,Inquiry,banking77
How long will it take for my top up to work? It's still pending,Complaint,banking77
When will the card arrive?,Inquiry,banking77
"You need to read all the books by this author. Great adventures and lots of intrique and fighting, I've read all his books. and highly recommend them.",Feedback,amazon_polarity
I purchased an item and the exchange rate was wrong,Complaint,banking77
It has a very good zoom. 2.5 LCD is pretty cool. The resolution is superb. Very handy cam and its easy to carry.,Feedback,amazon_polarity
Me hungry buy some food good lei... But mum n yun dun wan juz buy a little bit...,Other,sms_spam
Where can I view my PIN?,Complaint,banking77
Lil fever:) now fine:),Other,sms_spam
WHAT IS THE REASON FOR THAT,Complaint,banking77
Do you know why my card payment was reverted?,Complaint,banking77
How do I transfer money between two of my accounts?,Inquiry,banking77
The top-up verification code is missing,Inquiry,banking77
These Hi-Tec Boots are excellent and very good quality.I use them while I am a rural carrier. they are a great work boot.I recomend to all. Peter.,Feedback,amazon_polarity
IM GONNA MISS U SO MUCH,Other,sms_spam
I checked the app and my balance has not been updated for the cash or cheque deposit.,Complaint,banking77
I'm trying to take money from my account but its not letting me. Help!,Complaint,banking77
Whats the f*ckin procedure when you got a gun to your head!......best line in the whole movie buy it just for that,Feedback,amazon_polarity
I've got a repeated tranasaction on my card.,Complaint,banking77
SMS AUCTION - A BRAND NEW Nokia 7250 is up 4 auction today! Auction is FREE 2 join & take part! Txt NOKIA to 86021 now! HG/Suite342/2Lands Row/W1J6HL,Other,sms_spam
Someonone you know is trying to contact you via our dating service! To find out who it could be call from your mobile or landline 09064015307 BOX334SK38ch,Other,sms_spam
"Good kettle. Wish the design was better, more streamline and aesthetically pleasing but it works well.",Feedback,amazon_polarity
How much does it cost in fees to use your card?,Inquiry,banking77
"The street index is hard to read for the over forty crowd. If the font size was 12, it would have been much easier to read.",Feedback,amazon_polarity
XMAS Prize draws! We are trying to contact U. Todays draw shows that you have won a £2000 prize GUARANTEED. Call 09058094565 from land line. Valid 12hrs only,Other,sms_spam
"Thanks for your ringtone order, ref number R836. Your mobile will be charged £4.50. Should your tone not arrive please call customer services on 09065069154",Other,sms_spam
How can I activate my card so I can start using it?,Inquiry,banking77
Is there a limit to the number of disposable cards I can have?,Inquiry,banking77
"This movie is fantastic, it was a great way to end the Dark Knight Trilogy and it,. I hope they make more.",Feedback,amazon_polarity
this product has 5 stars is very nice. excellent product. i recommendt it to every baby. thank you. buy boys,Feedback,amazon_polarity
URGENT This is our 2nd attempt to contact U. Your £900 prize from YESTERDAY is still awaiting collection. To claim CALL NOW 09061702893. ACL03530150PM,Other,sms_spam
"My card info was stolen, what do I do?",Complaint,banking77
What is this strange payment in my account?,Complaint,banking77
My new pin needs to be set.,Inquiry,banking77
Guess what! Somebody you know secretly fancies you! Wanna find out who it is? Give us a call on 09065394514 From Landline DATEBox1282EssexCM61XN 150p/min 18,Other,sms_spam
I just got this card & I don't know how to activate it.,Inquiry,banking77
"I really, really love this CD. It's Glenn Gould AND Bach- what more can I ask for?",Feedback,amazon_polarity
Why would my top up be cancelled?,Complaint,banking77
How much do you charge for exchange rates?,Inquiry,banking77
The book was just as described and was delivered on time. I would definately order from this seller again.,Feedback,amazon_polarity
"my card details could be stolen, as i didnt make these transactions",Complaint,banking77
Good dictionary for beginners even for intermediate level but it's not suitable for more advanced levels. It will be more helpful if thry had also translation from Greek to English.,Feedback,amazon_polarity
5p 4 alfie Moon's Children in need song on ur mob. Tell ur m8s. Txt Tone charity to 8007 for Nokias or Poly charity for polys: zed 08701417012 profit 2 charity.,Other,sms_spam
I did a money transfer to my account and it is not showing there.,Complaint,banking77
Promotion Number: 8714714 - UR awarded a City Break and could WIN a £200 Summer Shopping spree every WK. Txt STORE to 88039 . SkilGme. TsCs087147403231Winawk!Age16 £1.50perWKsub,Other,sms_spam
I believed crypto top up with something you offered. This does not seem to be working. The money has been removed from my account though so what's going on?,Complaint,banking77
"I liked this well enough. It's a lot easier to read than Hugh Trevor-Roper's book of the same title though not as scholarly, in my opinion.",Feedback,amazon_polarity
Will you deal with SWIFT transfers?,Inquiry,banking77
"I have an account at another bank, but I want to transfer some of the money to my account here.
.",Inquiry,banking77
How do I troubleshoot when contactless doesn't work?,Complaint,banking77
I see a direct debit that I didn't authorize,Complaint,banking77
"I'm tired of arguing with you about this week after week. Do what you want and from now on, i'll do the same.",Other,sms_spam
It was much better than I expected. Very different plot and a lot of fun. Recommended for anyone looking for a feel good comedy.,Feedback,amazon_polarity
can i top up with apple pay,Inquiry,banking77
I think I lost my card . I dont know how long it has been missing. Can you see if maybe someone else has been using it?,Complaint,banking77
How much did ur hdd casing cost.,Other,sms_spam
Do all businesses take this card?,Inquiry,banking77
Dip's cell dead. So i m coming with him. U better respond else we shall come back.,Other,sms_spam
My identity has been stolen. I still have my physical card but there are charges I didn't make on my account. How do I cancel this card or dispute the charges?,Complaint,banking77
"I received a ""declined"" message when doing a transfer",Complaint,banking77
Errol Flynn and Eleanor Parker are two great looking people. This is a pleasant story line--a little girl trying to get her two ex-parents back together.,Feedback,amazon_polarity
I can't get any money from my account.,Complaint,banking77
Nope watching tv at home... Not going out. V bored...,Other,sms_spam
How long does a transfer from the UK account usually take? After completing the transfer it is not showing up. I need to know that everything I actually went okay.,Complaint,banking77
I fetch yun or u fetch?,Other,sms_spam
"LISTENED TO SAMPLES AT SOOTHINGMUSIC.COM AND ALL I CAN SAY IS, 5 STARS ALL THE WAY...I LOVE THIS ALBUM.",Feedback,amazon_polarity
Show me how to look at the source of my current funds?,Inquiry,banking77
I have gone through my statements and noticed there is a large payment that I did not make. Can i still dispute the payment? its been a while,Complaint,banking77
What currencies do you accept for adding money to my account?,Inquiry,banking77
"I've just made a money transfer to the wrong account, I need to stop the money from being moved as it may be going to someone I don't know.  Please can you help?",Inquiry,banking77
I have an outgoing transaction,Complaint,banking77
"This is a very good blu-ray, and a good price. By having it I have the complete Dark Knight series.",Feedback,amazon_polarity
"My account is blocked, how do I log in now",Complaint,banking77
Do you have the option for a disposable virtual card?,Inquiry,banking77
"I like the fit and finish of these tools. This is all I have to say, the minimum word rule is stupid!",Feedback,amazon_polarity
How long do you have to wait to see your virtual card your ordered?,Inquiry,banking77
1000's of girls many local 2 u who r virgins 2 this & r ready 2 4fil ur every sexual need. Can u 4fil theirs? text CUTE to 69911(£1.50p. m),Other,sms_spam
haha this is a pretty funny but the best song is deinfelty the 80's song the promise... yessssssss,Feedback,amazon_polarity
My card payment didn't work,Complaint,banking77
Do I need to go to an office to change my pin?,Inquiry,banking77
"My card's frozen, what can I do?",Complaint,banking77
"Bought it at deep discount. Good price but quality is so so. But, anyway, at this price, it's a good buy.",Feedback,amazon_polarity
Why is my money not in my account. I have already sent it out.,Complaint,banking77
When will the cash that I put in the ATM be cleared from pending status?,Complaint,banking77
My card payment has been declined,Complaint,banking77
What can i pay with out  fees,Complaint,banking77
I did a transfer earlier but see that it failed to go through.,Complaint,banking77
how do i cancel my account,Inquiry,banking77
THIS HAS TO BE THE BEST ALBUMS OF ALL TIME....RAGE ROCKS...TOM...YOUR COOL MAN...NICE STUFF,Feedback,amazon_polarity
These are terrific teaching tools. My son loves all of the CS in this series and watches them over and over again.,Feedback,amazon_polarity
"Unbelievable great, moving dvd. Such a moving story and how it can really be. Such a brave soul. Condition of goods and supply all those details FABULOUS. Thanks",Feedback,amazon_polarity
"Enjoyed this show, like the interaction between the three main characters.Henry P. Lisowski",Feedback,amazon_polarity
Hi dear we saw dear. We both are happy. Where you my battery is low,Other,sms_spam
"I am traveling to Germany, Will I be able to use my card there?",Inquiry,banking77
Aiyar u so poor thing... I give u my support k... Jia you! I'll think of u...,Other,sms_spam
"Hello, I'm having trouble with my card, I don't understand what's happening, I tried using the ATM machine earlier but it wasn't working but seems like the transactions is still in progress, can you cancel it for me?",Complaint,banking77
"Diane Lane is perfect. Plays the full range of female - bold, timid, snotty, exuberant and everything in between. Watch it!",Feedback,amazon_polarity
Animal Planet Farm in a Tube is a great toy and kids will have lots of fun playing with it.,Feedback,amazon_polarity
sexy sexy cum and text me im wet and warm and ready for some porn! u up for some fun? THIS MSG IS FREE RECD MSGS 150P INC VAT 2 CANCEL TEXT STOP,Other,sms_spam
I wish to remove my account.,Inquiry,banking77
No:-)i got rumour that you going to buy apartment in chennai:-),Other,sms_spam
Do physical cards cost money?,Inquiry,banking77
What is going on with it saying my card payment was declined?,Complaint,banking77
"Could have used a time edit (2 hours +) but plenty of car crashes, bomb explosions, gun fire, ACTION, ACTION, ACTION. On a cold winter's night, it will do.",Feedback,amazon_polarity
We tried to call you re your reply to our sms for a video mobile 750 mins UNLIMITED TEXT + free camcorder Reply of call 08000930705 Now,Other,sms_spam
YO! With a name like Fishbone how could they not rock hard. When I heard the song Swim I felt like bringing out the swiming trunks and breaking it down.,Feedback,amazon_polarity
"Hi there, 2nights ur lucky night! Uve been invited 2 XCHAT, the Uks wildest chat! Txt CHAT to 86688 now! 150p/MsgrcvdHG/Suite342/2Lands/Row/W1J6HL LDN 18yrs",Other,sms_spam
"Someone U know has asked our dating service 2 contact you! Cant guess who? CALL 09058095107 NOW all will be revealed. POBox 7, S3XY 150p",Other,sms_spam
How fast can you deliver?,Inquiry,banking77
The book arrived in good condition but not in as timely a manner as I am used too. It was still within the projected time period though.,Feedback,amazon_polarity
I cannot make a transfer to another account.,Complaint,banking77
If you're not in my car in an hour and a half I'm going apeshit,Other,sms_spam
<Forwarded from 88877>FREE entry into our £250 weekly comp just send the word ENTER to 88877 NOW. 18 T&C www.textcomp.com,Other,sms_spam
I came hostel. I m going to sleep. Plz call me up before class. Hrishi.,Other,sms_spam
Why am I being charged to make cash withdrawals? I thought they were supposed to be free!,Complaint,banking77
pending transaction?,Complaint,banking77
New TEXTBUDDY Chat 2 horny guys in ur area 4 just 25p Free 2 receive Search postcode or at gaytextbuddy.com. TXT ONE name to 89693,Other,sms_spam
"Well, i'm gonna finish my bath now. Have a good...fine night.",Other,sms_spam
A receiver made me aware that they did not receive the full transfer that I made. The amount was showing to be a bit less. I now have to make a second transfer just to make up the difference. Can you reach out and let me know what's going on?,Complaint,banking77
Is there a reason my payments are pending?,Complaint,banking77
Where do I go to change my PIN?,Inquiry,banking77
I returned something to a  store but can't see my refund.,Complaint,banking77
My card isn't here yet.,Inquiry,banking77
This item arrived in great shape and in a timely manor. It exceeds my expectations and is working perfectly with my coffee maker.,Feedback,amazon_polarity
Hello I have a UK account.  Can you please check if everything is alright with it?  I made a transfer a couple hours ago but it doesn't show up yet.,Complaint,banking77
"They sent me F301 pens instead of just refills. Not exactly what I ordered, but they do the job.",Feedback,amazon_polarity
Is there any limits I should know about if I'm going to use a disposable virtual card?,Inquiry,banking77
What do U want for Xmas? How about 100 free text messages & a new video phone with half price line rental? Call free now on 0800 0721072 to find out more!,Other,sms_spam
This book came in a very timely fashion and in wonderful condition I woul nt hesitate to order from this company again,Feedback,amazon_polarity
How do I request the PIN?,Inquiry,banking77
"Free Msg: get Gnarls Barkleys ""Crazy"" ringtone TOTALLY FREE just reply GO to this message right now!",Other,sms_spam
Valentines Day Special! Win over £1000 in our quiz and take your partner on the trip of a lifetime! Send GO to 83600 now. 150p/msg rcvd. CustCare:08718720201.,Other,sms_spam
I've never seen anything so touching and unusual.That's one of the few films when i actually cried over.Definitely MUST!!!!!!!!!!!!,Feedback,amazon_polarity
I was getting cash and can't get my card back.,Complaint,banking77
Watch lor. I saw a few swatch one i thk quite ok. Ard 116 but i need 2nd opinion leh...,Other,sms_spam
I got cash and was charged a fee that shouldn't be there!,Complaint,banking77
I have been usung this prduct for about 35 years. That is the reason I replaced it because I like it.,Feedback,amazon_polarity
"It fulfilled completely my expectations, and what is supposed to do, in accordance with the site description. What else can I expect for the money paid?",Feedback,amazon_polarity
"I deposited cash into my account a week ago and it is still not available, please tell me why? I need the cash back now.",Complaint,banking77
"For ur chance to win a £250 cash every wk TXT: ACTION to 80608. T's&C's www.movietrivia.tv custcare 08712405022, 1x150p/wk",Other,sms_spam
"I tired to move my money, but my transfer was declined.",Complaint,banking77
What is the extra fee I was charged when using an ATM?,Complaint,banking77
"Works fine on the PowerBook G4. Doesn't have an LED to tell you it's on and, of course, doesn't have a smart plug to show charging status.",Feedback,amazon_polarity
Where are the locations of ATMs that accept this card?,Inquiry,banking77
"Hello, there was an error while attempting top-up with my card this morning. I was able to use the card two days ago with no issues. Could you please assist?",Complaint,banking77
I want  &lt;#&gt;  rs da:)do you have it?,Other,sms_spam
Why do you need me to do an identity check?,Inquiry,banking77
"Sunshine Hols. To claim ur med holiday send a stamped self address envelope to Drinks on Us UK, PO Box 113, Bray, Wicklow, Eire. Quiz Starts Saturday! Unsub Stop",Other,sms_spam
Probably one of the best bands most people have never heard of. The playing...the voice...the songwriting. Hem = Gem. Buy it. You won't regret it.,Feedback,amazon_polarity
I can't do any business with this virtual card.,Complaint,banking77
"Please help me, there is a transaction in the incorrect account.",Inquiry,banking77
Why did you charge me a fee when I made a transfer?,Complaint,banking77
"My title says it all. Love this CD. Khachaturian is a great, great Artist and he always thrills and touches you. You'll love this one.",Feedback,amazon_polarity
"If you are interested in this type of new music, and if you have surround sound, then there is no question you should get this.",Feedback,amazon_polarity
PRIVATE! Your 2003 Account Statement for shows 800 un-redeemed S. I. M. points. Call 08715203652 Identifier Code: 42810 Expires 29/10/0,Other,sms_spam
Oh k :)why you got job then whats up?,Other,sms_spam
Camera - You are awarded a SiPix Digital Camera! call 09061221066 fromm landline. Delivery within 28 days,Other,sms_spam
Prakesh is there know.,Other,sms_spam
How do I know where my money comes from?,Inquiry,banking77
You'll not rcv any more msgs from the chat svc. For FREE Hardcore services text GO to: 69988 If u get nothing u must Age Verify with yr network & try again,Other,sms_spam
"I found my card, I would like to reactivate it.",Inquiry,banking77
Hi its LUCY Hubby at meetins all day Fri & I will B alone at hotel U fancy cumin over? Pls leave msg 2day 09099726395 Lucy x Calls£1/minMobsmoreLKPOBOX177HP51FL,Other,sms_spam
What can I do to make my physical card work?,Complaint,banking77
So wats ur opinion abt him and how abt is character?,Other,sms_spam
"I bought this book used and it was in very good condition. Also, I received it within a week, which was nice.",Feedback,amazon_polarity
How do I make my virtual card work?,Complaint,banking77
I need some spare physical cards.,Inquiry,banking77
-Excellent little camcorder.-Very impressed with its features.-Easy to transfer your moviesto a computer.I do not regret spending my moneyon it.,Feedback,amazon_polarity
"The cheque I sent a few days ago has not been deposited yet, what is the hold up?",Complaint,banking77
Is exchanging currencies one of your app services?,Inquiry,banking77
Will I get charged on a foreign currencies exchange?,Inquiry,banking77
Can I top up any amount?,Inquiry,banking77
this was the weakest so far in the series.still entertaining though and worth reading especially to get up to speed for the next book,Feedback,amazon_polarity
I transferred some money but it hasn't arrived yet,Complaint,banking77
"This Blue-ray has great picture and sound, plays awesome on my 46"" LED LCD. I couldn't ask for anything more.",Feedback,amazon_polarity
"The transfer finally worked, but how long does it stay pending?",Complaint,banking77
"Not as good as the second, but a great film nonetheless. The ending will satisfy for those looking for a happy epilogue while still being plausible.",Feedback,amazon_polarity
It was very easy to assemble and really organized my closet. I'm very happy with this product.,Feedback,amazon_polarity
I need a single use card for shopping online,Inquiry,banking77
Congratulations ur awarded either £500 of CD gift vouchers & Free entry 2 our £100 weekly draw txt MUSIC to 87066 TnCs www.Ldew.com1win150ppmx3age16,Other,sms_spam
"I was extremely happy with the jersey I ordered, and so was my fiancee. I would definitely order from Amazon.com again.",Feedback,amazon_polarity
Customer place i will call you,Other,sms_spam
How do I add a new card?,Inquiry,banking77
I just completed a bank transfer and the balance didn't update,Complaint,banking77
"With roots in the replacements, Husker Du, and the Jesus and Mary Chain. These guys are pretty good.",Feedback,amazon_polarity
4mths half price Orange line rental & latest camera phones 4 FREE. Had your phone 11mths+? Call MobilesDirect free on 08000938767 to update now! or2stoptxt T&Cs,Other,sms_spam
"While doing a transfer, it says declined.",Complaint,banking77
I loved this film and have watched it multiple times. In order to enjoy it I simply pretend I never read a Batman comic.,Feedback,amazon_polarity
This is absolutely one of the most... dare I say... BEAUTIFUL songs the GGD's have ever put out. Enough said.,Feedback,amazon_polarity
What are your currency exchange fees?,Inquiry,banking77
details need to be modified,Inquiry,banking77
Or i go home first lar ü wait 4 me lor.. I put down my stuff first..,Other,sms_spam
Fine i miss you very much.,Other,sms_spam
What information do you need to verify my Source of Funds?,Inquiry,banking77
I see a direct debit transaction in the app that is not mine,Complaint,banking77
Man this bus is so so so slow. I think you're gonna get there before me,Other,sms_spam
What do I do to activate my new card?,Inquiry,banking77
There is a withdrawal in my account I didn't make.,Complaint,banking77
Why is there an uknown charge showing on my account?,Complaint,banking77
How much more do I have to pay to exchange currencies?,Inquiry,banking77
I don't have my passcode to access the app.,Inquiry,banking77
Why was I charged a fee when I withdrew money?,Complaint,banking77
"In my app, a direct debit payment I didn't do shows in my app",Complaint,banking77
"HOT LIVE FANTASIES call now 08707500020 Just 20p per min NTT Ltd, PO Box 1327 Croydon CR9 5WB 0870 is a national rate call",Other,sms_spam
I am locked out from entering my pin.,Complaint,banking77
"I would highly recommend this headset to anyone for its speaker clearness, its lightweight, and its good range.",Feedback,amazon_polarity
Can I change my pin at a cash machine?,Inquiry,banking77
This is a great-old video everyone should own!I loved it years ago and love it still!A story within a story within a story!Great vewing!,Feedback,amazon_polarity
Please call our customer service representative on FREEPHONE 0808 145 4742 between 9am-11pm as you have WON a guaranteed £1000 cash or £5000 prize!,Other,sms_spam
Edison is on the right track. Count Me In is great and I think this album has great promise.,Feedback,amazon_polarity
What is this cash withdrawal on my statement?,Complaint,banking77
Do you accept Visa or Mastercard?,Inquiry,banking77
So I just went to the ATM to get some cash.  I input that I needed 100 pounds but I only got 80.  I have the receipt  and I am in need of the extra money.  How do I go about obtaining the missing amount?,Complaint,banking77
Why is my card payment pending?,Complaint,banking77
I keep being asked to verify my identity. Is this normal?,Inquiry,banking77
I just got married and I need to change my name,Inquiry,banking77
Hey gals.. Anyone of u going down to e driving centre tmr?,Other,sms_spam
"Each compartment has zippers + Velcro. The main compartment has zippers + Velcro + snaps. So, depending on your needs you can have either quick access or very safe containment.",Feedback,amazon_polarity
I am waiting for your call sir.,Other,sms_spam
Can I use it outside of Europe?,Inquiry,banking77
Who can send me money?,Inquiry,banking77
I will reach before ten morning,Other,sms_spam
How will I receive my PIN?,Inquiry,banking77
This isn't a fancy chef's knife but it certainly gets the job done. I love the sleek modern look and single piece design.,Feedback,amazon_polarity
Will you tell me how to exchange USD for GBP in the app?,Inquiry,banking77
where is my unknown payment from?,Complaint,banking77
I am sorry it hurt you.,Other,sms_spam
goldviking (29/M) is inviting you to be his friend. Reply YES-762 or NO-762 See him: www.SMS.ac/u/goldviking STOP? Send STOP FRND to 62468,Other,sms_spam
"Give me back my money, I'm not paying the sellers. It has been a long time ago that I made an order and it just isn't coming.",Inquiry,banking77
I am still currently waiting for the cash that has been deposited into the account this morning.,Complaint,banking77
Can I use my account without verifying my identity?,Inquiry,banking77
I feel the entire concept was spectacular. I would love to see a movie made from this book.,Feedback,amazon_polarity
what is the fee for topping up by card?,Inquiry,banking77
hearing about how this Musical Genius made this Landmark album is a real treat.it's a timeless video about a timeless ARTIST that Trenscended music&time.,Feedback,amazon_polarity
"I don't think the transaction has gone through, so can I cancel a transfer?",Inquiry,banking77
Why did you cancel my card payment?,Complaint,banking77
"
Which ATMs accept this card?",Inquiry,banking77
Will I be charged for receiving money?,Inquiry,banking77
LIFE has never been this much fun and great until you came in. You made it truly special for me. I won't forget you! enjoy @ one gbp/sms,Other,sms_spam
What should I do if I think that someone might be using me card?,Complaint,banking77
"I sent out money, but was charged extra for transferring. Why?",Complaint,banking77
URGENT! Your Mobile number has been awarded with a £2000 Bonus Caller Prize. Call 09058095201 from land line. Valid 12hrs only,Other,sms_spam
Well done ENGLAND! Get the official poly ringtone or colour flag on yer mobile! text TONE or FLAG to 84199 NOW! Opt-out txt ENG STOP. Box39822 W111WX £1.50,Other,sms_spam
"I received my new card and tried using it today, just to have it show declined over and over again.  Why is this happening?",Complaint,banking77
And popping &lt;#&gt; ibuprofens was no help.,Other,sms_spam
What would I be charged in receiving a SEPA transfer?,Inquiry,banking77
This thinner restored all of my clumpy polishes back to their original state. Love this product! I recommend this thinner!,Feedback,amazon_polarity
PRIVATE! Your 2003 Account Statement for 07753741225 shows 800 un-redeemed S. I. M. points. Call 08715203677 Identifier Code: 42478 Expires 24/10/04,Other,sms_spam
pretty annoyed that i preordered this and then a week after it got sent yo me they lowered the price by almost $20. Pretty dishonest from Amazon,Feedback,amazon_polarity
Get your garden ready for summer with a FREE selection of summer bulbs and seeds worth £33:50 only with The Scotsman this Saturday. To stop go2 notxt.co.uk,Other,sms_spam
There is a strange payment on my card and I don't know what to do.,Complaint,banking77
Where do I have access to a virtual card?,Inquiry,banking77
How did the extra charge on my card come in effect?,Complaint,banking77
"These are great quality pens for the price, at just over 10 cents a pen. I just got done using one and am very pleased with my purchase.",Feedback,amazon_polarity
Don know. I did't msg him recently.,Other,sms_spam
Get the official ENGLAND poly ringtone or colour flag on yer mobile for tonights game! Text TONE or FLAG to 84199. Optout txt ENG STOP Box39822 W111WX £1.50,Other,sms_spam
Tell me how to renew my new card?,Inquiry,banking77
This dealer is very prompt in shipping making this an easy online transaction. Thanks for the great service!,Feedback,amazon_polarity
When will my money be in my account?,Inquiry,banking77
What can I use my card to pay for?,Inquiry,banking77
I was under the impression ATM cash withdrawals were free. Why was I suddenly charged for my most recent ATM transaction?,Complaint,banking77
(Bank of Granite issues Strong-Buy) EXPLOSIVE PICK FOR OUR MEMBERS *****UP OVER 300% *********** Nasdaq Symbol CDGT That is a $5.00 per..,Other,sms_spam
Tell me your opinion on the exchange rate.,Inquiry,banking77
Congratulations ur awarded 500 of CD vouchers or 125gift guaranteed & Free entry 2 100 wkly draw txt MUSIC to 87066,Other,sms_spam
Do you want a New Nokia 3510i Colour Phone Delivered Tomorrow? With 200 FREE minutes to any mobile + 100 FREE text + FREE camcorder Reply or Call 8000930705,Other,sms_spam
"soundsystem is a smooth blend of rock, this cd goes back to the roots of 311, if you liked grassroots and music, buy this cd!",Feedback,amazon_polarity
FREE for 1st week! No1 Nokia tone 4 ur mobile every week just txt NOKIA to 8077 Get txting and tell ur mates. www.getzed.co.uk POBox 36504 W45WQ 16+ norm150p/tone,Other,sms_spam
"Can not beat this item for the price, hands down!Excellent product with all the features you could want, period.",Feedback,amazon_polarity
Midori produces some amazing sounds out of her violin!You cant go wrong with Encore! Shes brilliant.,Feedback,amazon_polarity
I bought something with my card and I was charged a fee,Complaint,banking77
What is the process for unlocking the pin?,Complaint,banking77
The measuring cup is made very well. The label is very clear and it's also Made in the USA!,Feedback,amazon_polarity
"How long does it typically take a transfer to go through?  I sent some money to a friend earlier today, and she really needs it.  It still is a pending transfer, even though I sent it a few hours ago.",Complaint,banking77
Purchased these cups a few weeks ago and have used them daily for generous servings of cappuccino. They've quickly replaced our other coffee cups. Nice big cup for coffee lovers!,Feedback,amazon_polarity
Summers finally here! Fancy a chat or flirt with sexy singles in yr area? To get MATCHED up just reply SUMMER now. Free 2 Join. OptOut txt STOP Help08714742804,Other,sms_spam
The book was shipped in excellent condition. The book was as described by seller.,Feedback,amazon_polarity
how long should i wait ti activate my card,Inquiry,banking77
"Great study of major philosophies that have impacted our western culture. Very enjoyable and easy reading, yet stimulating and intellectual...Loved the book!",Feedback,amazon_polarity
WHO ARE YOU SEEING?,Other,sms_spam
"You are being contacted by our dating service by someone you know! To find out who it is, call from a land line 09050000928. PoBox45W2TG150P",Other,sms_spam
"Alright, I'll head out in a few minutes, text me where to meet you",Other,sms_spam
Update_Now - 12Mths Half Price Orange line rental: 400mins...Call MobileUpd8 on 08000839402 or call2optout=J5Q,Other,sms_spam
What exactly is the exchange fee?,Inquiry,banking77
"Do you realize that in about 40 years, we'll have thousands of old ladies running around with tattoos?",Other,sms_spam
"No drag. No break while writing. No streaks. No initial ""scribble"" to get it started. This is the best ballpoint pen your money can buy.",Feedback,amazon_polarity
Where's accounting for my cash withdrawal?,Complaint,banking77
"Much less expensive than Albers' book on Color and quite as good. Arrived promptly, in great condition. Useful for a color theory class.",Feedback,amazon_polarity
Help!  My wallet was stolen and someone is taking money out.  I need this money!  What can I do?,Complaint,banking77
Ok. So april. Cant wait,Other,sms_spam
This music is so unique and intriguing. It is truly one-of-a-kind. I enjoy it immensely and look forward to more of it in the future.,Feedback,amazon_polarity
"no, i *didn't* mean to post it. I wrote it, and like so many other times i've ritten stuff to you, i let it sit there. it WAS what i was feeling at the time. I was angry. Before i left, i hit send, then stop. It wasn't there. I checked on my phone when i got to my car. It wasn't there. You said you didn't sleep, you were bored. So why wouldn't THAT be the time to clean, fold laundry, etc.? At least make the bed?",Other,sms_spam
"Hey, I'm buying a flat and I need my mortgage to go though. However, every time I check I get an error message. Is there any way you can help me with this transfer.",Complaint,banking77
My payment was terminated,Complaint,banking77
Married local women looking for discreet action now! 5 real matches instantly to your phone. Text MATCH to 69969 Msg cost 150p 2 stop txt stop BCMSFWC1N3XX,Other,sms_spam
I made a transfer but my balance hasn't been updated,Complaint,banking77
Is there a fee to get an actual card?,Inquiry,banking77
"Had to see it twice, but then it all came together. A good wrap up that leaves some openings for a new generation.",Feedback,amazon_polarity
Duplicate transactions appear on my account,Complaint,banking77
The Book is very very good. I really like knowing how the Emanuel's came up with the idea for Diana's dress.,Feedback,amazon_polarity
Most of the tiime when i don't let you hug me it's so i don't break into tears.,Other,sms_spam
Which currencies are allowed?,Inquiry,banking77
I need to deposit money to my account,Inquiry,banking77
My payment is in the app but hasn't gone through yet,Complaint,banking77
I must verify the source of my funds,Inquiry,banking77
How do I receive more physical cards,Inquiry,banking77
Is there coming friday is leave for pongal?do you get any news from your work place.,Other,sms_spam
My card payment might have been reverted.,Complaint,banking77
I CAN NOT FIND THE TOP-UP VERIFICATION CODE.,Inquiry,banking77
URGENT! Your Mobile number has been awarded with a £2000 prize GUARANTEED. Call 09058094455 from land line. Claim 3030. Valid 12hrs only,Other,sms_spam
What is the exchange fee that is charged?,Inquiry,banking77
Help!  I can't find my card.,Complaint,banking77
Call Germany for only 1 pence per minute! Call from a fixed line via access number 0844 861 85 85. No prepayment. Direct access! www.telediscount.co.uk,Other,sms_spam
It was for my husband and he had one that that old and this was at the best price and the watch is great for everyday!,Feedback,amazon_polarity
Thinking of u ;) x,Other,sms_spam
"I need to get a card, but I live in the US.",Inquiry,banking77
You shorted me money when I tried to make a withdrawal.,Complaint,banking77
"Haha... Where got so fast lose weight, thk muz go 4 a month den got effect... Gee,later we go aust put bk e weight.",Other,sms_spam
How do I know how much money I will have when I travel abroad?,Inquiry,banking77
Last week I put a cash deposit into my account and it is still isn't there.,Complaint,banking77
Could I open an account for my children?,Inquiry,banking77
What do I need to do to get my salary through this?,Inquiry,banking77
THANX 4 PUTTIN DA FONE DOWN ON ME!!,Other,sms_spam
"Please give me both Visa and MasterCard, is it possible?",Inquiry,banking77
Transfer has failed.,Complaint,banking77
What do I do if my disposable virtual card doesn't work?,Complaint,banking77
What a great gizmo! Protects shuffle and head phones and makes it so easy to carry around hands free.,Feedback,amazon_polarity
"Um, my top up didn't work",Complaint,banking77
Just ordered and can't wait to get these.At 12.99 I'll probably get 6 more.Mark VII is a brand sold in better men's stores for 40.00 to 52.00.12.99 is unreal.,Feedback,amazon_polarity
Urgent! Please call 09061213237 from landline. £5000 cash or a luxury 4* Canary Islands Holiday await collection. T&Cs SAE PO Box 177. M227XY. 150ppm. 16+,Other,sms_spam
"After reviewing my charges, I see I was charged a fee for a transfer I did, why?",Complaint,banking77
PRIVATE! Your 2003 Account Statement for 07808 XXXXXX shows 800 un-redeemed S. I. M. points. Call 08719899217 Identifier Code: 41685 Expires 07/11/04,Other,sms_spam
How do I go forth on transferring a sum of money from one account to another?,Inquiry,banking77
How do I make an exchange from one currency to another?,Inquiry,banking77
Can you tell me why my card is not working? I keep trying to use it but it keeps rejecting my payment. I am being careful and entering the info correctly but it still happens.,Complaint,banking77
Is there a reason why my account isn't updating because I used a check to  balance my account?,Complaint,banking77
Will it automatically top-up or do I need to do that manually if there isn't much cash left?,Inquiry,banking77
Who is giving me my money?,Inquiry,banking77
Will I be charged a fee if I receive a SEPA transfer,Inquiry,banking77
What is the highest amount of top ups I'm allowed?,Inquiry,banking77
"Get 3 Lions England tone, reply lionm 4 mono or lionp 4 poly. 4 more go 2 www.ringtones.co.uk, the original n best. Tones 3GBP network operator rates apply.",Other,sms_spam
Carry on not disturbing both of you,Other,sms_spam
"Bears Pic Nick, and Tom, Pete and ... Dick. In fact, all types try gay chat with photo upload call 08718730666 (10p/min). 2 stop texts call 08712460324",Other,sms_spam
How do I link one your card if I have one already?,Inquiry,banking77
What are the reasons for my beneficiary not being allowed?,Complaint,banking77
Yeah he got in at 2 and was v apologetic. n had fallen out and she was actin like spoilt child and he got caught up in that. Till 2! But we won't go there! Not doing too badly cheers. You?,Other,sms_spam
I dig building cities and this game is as fun as it was the last time i played it some 10 years ago.,Feedback,amazon_polarity
I set up a payment to a new payee and sent some money but the person I'm sending it to has not received it.  Can you check where the money is?,Complaint,banking77
How long will my top-up stay pending?,Complaint,banking77
"What's a pending transaction? My card was declined at an ATM, but my account says it's still pending. Can I cancel the payment?",Complaint,banking77
Where can I see the refund in my account,Complaint,banking77
I THOUGHT THIS MOVIE WAS VERY ENTERTAINING. JON VOIGHT GIVES A BRILLIANT PERFORMANCE. GOOD MOVIE IF YOU LIKE FOOTALL.,Feedback,amazon_polarity
I'm travelling abroad but I've run into a situation where I need to change my PIN immediately. Can I do this from here?,Inquiry,banking77
My transfer hasn't arrived,Complaint,banking77
My card has been stolen what do I do?,Complaint,banking77
Which cards and currencies are supported?,Inquiry,banking77
The exchange rate is bad. Are you sure this is the exchange rate?,Complaint,banking77
Tell me the currencies that you support.,Inquiry,banking77
Okay guys.. buy this cd. It's stellar! COME ORIGIONAL is just as catchy (or maybe more) as thier hit DOWN. YAY 311!,Feedback,amazon_polarity
I have duplicated transactions on my statement,Complaint,banking77
Works like a charm. Great for doing small jobs when you do not want to bring out the big routers,Feedback,amazon_polarity
U still painting ur wall?,Other,sms_spam
You intrepid duo you! Have a great time and see you both soon.,Other,sms_spam
Each season gets better and better! Love it and can't stop watching! Cmon season 4!! Even my husband is enjoying the series.,Feedback,amazon_polarity
I received a transfer in GBP how do I change it to a different currency?,Inquiry,banking77
Cash I did not get showed up in my account,Complaint,banking77
I finally got my card.  Now I want to link it.  Is that something you have to do or can I do that?,Inquiry,banking77
"It is delicate and will snag easily so that cost one star; if you are around rough skin or fingernails, or jewlery BE CAREFUL",Feedback,amazon_polarity
"I was happy with this purchase. Other than being a softcover, this intl. version is basically the same book as the more expensive U.S. hardcover edition.",Feedback,amazon_polarity
Great book!! It has been a HUGE help to me and some of my friends in Nursing school!!! Another satisfied customer!!,Feedback,amazon_polarity
"As a valued customer, I am pleased to advise you that following recent review of your Mob No. you are awarded with a £1500 Bonus Prize, call 09066364589",Other,sms_spam
Do I have to pay any fees in order to receive money?,Inquiry,banking77
"tddnewsletter@emc1.co.uk (More games from TheDailyDraw) Dear Helen, Dozens of Free Games - with great prizesWith..",Other,sms_spam
WINNER! As a valued network customer you hvae been selected to receive a £900 reward! To collect call 09061701444. Valid 24 hours only. ACL03530150PM,Other,sms_spam
I want a new PIN please.,Inquiry,banking77
It seems someone used my card! There are a few transactions from a small town in the middle of nowhere that I definitely have not made! Please prevent them from using it immediately!,Complaint,banking77
it to 80488. Your 500 free text messages are valid until 31 December 2005.,Other,sms_spam
"I didn't get cash from an ATM, but the app says I did",Complaint,banking77
These tables increase the possibility for a good smooth surface on long pieces. Installation was simple and the instructions are clear. I believe these should be standard on this machine,Feedback,amazon_polarity
Are there any charges for receiving money?,Inquiry,banking77
"I worried my book might not be in perfect (new condition) moot point-excellent brand new, and I haven't stopped enjoying it since I got it!",Feedback,amazon_polarity
How long will a transaction to a friend take?,Complaint,banking77
Set a new PIN please.,Inquiry,banking77
This film drags in a few spots but its worth the waiting. This sequel has the most amazing effects of all of the Transformers. Plus it has a great storyline.,Feedback,amazon_polarity
Can you tell me why you won't let me get my own money out of the money machine? I know I used the right PIN.,Complaint,banking77
Your exchange rates are coming from where?,Inquiry,banking77
Tone Club: Your subs has now expired 2 re-sub reply MONOC 4 monos or POLYC 4 polys 1 weekly @ 150p per week Txt STOP 2 stop This msg free Stream 0871212025016,Other,sms_spam
What can I use to verify my identity?,Inquiry,banking77
"Just what you want for a travel guide. It tells you about many things you might want to see, and gives you detailed directions on how to get there.",Feedback,amazon_polarity
"Good flic. Maybe not quite up to #2 (with the Joker, what could be?), but an excellent movie nontheless. Enough said.",Feedback,amazon_polarity
There is a payment made with my card that I don't recognize at all.,Complaint,banking77
"Perfect fit for my Pawleys Island hammock. Comfortable. Maintains its cushion/shape, although color fades outdoors a tad. Worth the purchase.",Feedback,amazon_polarity
"Only the genuine F-Action can be found on Amazon or major retailers, the booklet inside has 4 pages, if yours doesn't take it back it's not the real thing!",Feedback,amazon_polarity
I dunno lei... Like dun haf...,Other,sms_spam
Why did you charge me extra when I withdrew cash?,Complaint,banking77
"I was out today looking forward to paying with my brand new card, turns out the payment just kept getting declined. This is pretty sad, what's going on?",Complaint,banking77
I made a money transaction but the recipient can't see it,Complaint,banking77
I am trying to delete my account.,Inquiry,banking77
I need it delivered on a certain date.,Inquiry,banking77
"The only drawback is that it must be aimed directly at the camera sensor, otherwise great tool.",Feedback,amazon_polarity
Why did my transfer to a beneficiary fail?,Complaint,banking77
I bought a few of these. They all came well wrapped. Great price..I now have great prizes through my home! Definitely recommend..,Feedback,amazon_polarity
"These are wonderful mysteries, most faithfully produced. Derek Jacobi is a very fine actor and his portrayal of Brother Cadfael is wonderfully nuanced.",Feedback,amazon_polarity
Bloomberg -Message center +447797706009 Why wait? Apply for your future http://careers. bloomberg.com,Other,sms_spam
Here is your discount code RP176781. To stop further messages reply stop. www.regalportfolio.co.uk. Customer Services 08717205546,Other,sms_spam
"Artists are the prophets of our lives and times, pay heed all you sinners. Do I hear an Amen? Great biography.",Feedback,amazon_polarity
"This was good series ender, still in line with the other two and lot's of action. New girl, cuter than Megan possibly.",Feedback,amazon_polarity
Got only $20 when I tried to withdraw $100.,Complaint,banking77
You are being ripped off! Get your mobile content from www.clubmoby.com call 08717509990 poly/true/Pix/Ringtones/Games six downloads for only 3,Other,sms_spam
"It could be better if there're more photos of the wooden wonder,but I thought it worth my every penny,no regret!",Feedback,amazon_polarity
"I was very pleased with this service. I received the filters very quickly, they were exactly what I ordered, and they were in perfect condition.",Feedback,amazon_polarity
I loved this movie. We rented it and it was good i watched it like 5 times. heeheehee The rest of my family feels the same way too. :),Feedback,amazon_polarity
No message..no responce..what happend?,Other,sms_spam
The movie showed up in a nice time frame and in great shape. Thanks for a product that is in the shape you say it is.,Feedback,amazon_polarity
Knock Knock Txt whose there to 80082 to enter r weekly draw 4 a £250 gift voucher 4 a store of yr choice. T&Cs www.tkls.com age16 to stoptxtstop£1.50/week,Other,sms_spam
Who gets support?,Inquiry,banking77
How do I troubleshoot my contactless?,Complaint,banking77
What's with not verifying my Id?,Complaint,banking77
There is an unauthorized cash withdrawal from my account for 500£.  I definitely didn't make this withdrawal.  I need your help.,Complaint,banking77
This is probably the best essay I have ever read. It has defined my political reviews still today. It's a work of true romanticism.,Feedback,amazon_polarity
How do I use American express to top up my account?,Inquiry,banking77
Bought one ringtone and now getting texts costing 3 pound offering more tones etc,Other,sms_spam
"I was trying to make a transfer and got an error message telling me it was not possible to make the transfer. This has never happened before, what happened?",Complaint,banking77
Is it possible to have more than one disposable card?,Inquiry,banking77
How long do transfer pend for?,Complaint,banking77
are SWIFT transfers an option?,Inquiry,banking77
I made a transaction this morning and would like to revert it.,Inquiry,banking77
What do I do if I think someone has used my card?,Complaint,banking77
Do I get a discount if I exchange currencies a lot?,Inquiry,banking77
We really enjoyed working with this decorating book. Made the decorating easier. My children picked their own room from the book. Recommend highly!Linda B.http://www.superhomecenter.com,Feedback,amazon_polarity
I attempted to get cash in the ATM but it was not authorized,Complaint,banking77
I made a cash deposit to my account but it is not there,Complaint,banking77
This makes playing the game so much easier. You can view you cards at all times without straining your hands. Especially good if you have arthritis.,Feedback,amazon_polarity
"A 500 pound cash withdrawal was just made from my account, but I didn't make it. I am pretty sure my card has been compromised - can you help me?",Complaint,banking77
Help me unblock my PIN.,Complaint,banking77
Why hasn't payment gone through yet?,Complaint,banking77
I've tried several times to make a payment and every time my card is declined? Could my card be locked? I don't know what to do.,Complaint,banking77
"Loan for any purpose £500 - £75,000. Homeowners + Tenants welcome. Have you been previously refused? We can still help. Call Free 0800 1956669 or text back 'help'",Other,sms_spam
"i not speak english excuse me please, my experience is very good, excelente, good service, not problem in the service. thank",Feedback,amazon_polarity
why do I have to show my ID,Inquiry,banking77
"Good book , a little different from most of his books. More about cotton farming then law.",Feedback,amazon_polarity
Or remind me in a few hrs.,Other,sms_spam
Aiyar sorry lor forgot 2 tell u...,Other,sms_spam
Where can I link a new card?,Inquiry,banking77
Why am I being charged a fee for transferring money?,Complaint,banking77
IS there anywhere that a card cannot be delivered?,Inquiry,banking77
PROS:WELL BUILTEASY TO CLEANLAST FOREVERCONS:DOES NOT SAVE ON GASCLEANING TAKES TIMERECOMMEND IT ONLY IF YOU PLAN ON KEEPING CAR FOREVER!!!!!!!!!!!,Feedback,amazon_polarity
It wants me to verify the top up. Why?,Inquiry,banking77
HI DARLIN I HOPE YOU HAD A NICE NIGHT I WISH I HAD COME CANT WAIT TO SEE YOU LOVE FRAN PS I WANT DIRTY ANAL SEX AND I WANT A 10 MAN GANG BANG,Other,sms_spam
I would like to apply for a visa card.,Inquiry,banking77
I don't know u and u don't know me. Send CHAT to 86688 now and let's find each other! Only 150p/Msg rcvd. HG/Suite342/2Lands/Row/W1J6HL LDN. 18 years or over.,Other,sms_spam
The device works as advertised and does a good job. I was able to fire off groups shots from 20ft away on my Rebel.,Feedback,amazon_polarity
"This forum is for your opinion of the book, not for each of you to explain the plot over and over again. That's already done above.",Feedback,amazon_polarity
I contacted the seller and he won't respond.  Please just refund me my  money.,Complaint,banking77
they released another Italian one today and it has a cosign option,Other,sms_spam
Did I not get my refund? I don't see it.,Complaint,banking77
Can I select my card scheme or do you choose it for me?,Inquiry,banking77
What fees apply when using a card?,Complaint,banking77
"Today's Offer! Claim ur £150 worth of discount vouchers! Text YES to 85023 now! SavaMob, member offers mobile! T Cs 08717898035. £3.00 Sub. 16 . Unsub reply X",Other,sms_spam
Why isn't my transfer going through? I get a message saying it's not possible. I've had no issues in the past.,Complaint,banking77
I'll have to admit that anything I had read before concerning Guadalcanal was relatively superficial. This book gave a very detailed account of the battle. It was a great read.,Feedback,amazon_polarity
This movie is soooo funny!!! I mean you never stop laughing. The Pimpernel is classic. At every corner he slaps you in the face with sophisticated humor.,Feedback,amazon_polarity
Is payment required to get a card of my own?,Inquiry,banking77
"No chincing here. Every hit is on this CD.Backgrounds include plenty of Sax, & brass just enhancethe music that much more.",Feedback,amazon_polarity
"I tried to use my debit card, but the payment did not work.",Complaint,banking77
I sent a payment but it isn't showing up in the app,Complaint,banking77
"When I went to get cash, it was declined!",Complaint,banking77
My statement does not reflect that a refund has been issued,Complaint,banking77
Why did a transaction I made charge me $1?,Complaint,banking77
Does the PIN come under separate cover?,Inquiry,banking77
"I tried topping up but my funds seem to be pending. I want to buy something right now, what do I do?",Complaint,banking77
Someone has conacted our dating service and entered your phone because they fancy you!To find out who it is call from landline 09111030116. PoBox12n146tf15,Other,sms_spam
Poor girl can't go one day lmao,Other,sms_spam
I had made a transfer but its still pending.,Complaint,banking77
I could not transfer to a beneficiary,Complaint,banking77
How can I verify my top up?,Inquiry,banking77
I need a fast transfer from China?  How fast will it be?,Inquiry,banking77
What is the purpose of the extra fee that is showing up on my statement?,Complaint,banking77
I can't use my card for anything,Complaint,banking77
Mark works tomorrow. He gets out at 5. His work is by your house so he can meet u afterwards.,Other,sms_spam
Shouldn't my new card be here by now?,Inquiry,banking77
Y dun cut too short leh. U dun like ah? She failed. She's quite sad.,Other,sms_spam
How long is the wait for my card?,Inquiry,banking77
I was not distributed the correct amount of cash that I asked for,Complaint,banking77
I had an unexpected fee,Complaint,banking77
my cash withdrawal has not come out of my account yet.,Complaint,banking77
"This well made, well thought out, durable vest is more practical than the 'dedicated' photographer's vests that I own.Highly recommended.",Feedback,amazon_polarity
I would like to report an issue with my product and want to get it refunded,Inquiry,banking77
Thanks for providing me with an oldie but goodie. The Greengage Summer came to me in great condition for an older book.,Feedback,amazon_polarity
My cash deposit from a week ago is still not in my account. Can you help me please?,Complaint,banking77
Santa calling! Would your little ones like a call from Santa Xmas Eve? Call 09077818151 to book you time. Calls1.50ppm last 3mins 30s T&C www.santacalling.com,Other,sms_spam
How long should I expect for the card to arrive?,Inquiry,banking77
"This is a no frills, basic watch. It is a good value for the price. Typical Casio quality and is comfortable to wear.",Feedback,amazon_polarity
I didn't make the direct debit payment on my account.,Complaint,banking77
The exchange rate is incorrect for my cash withdrawal transaction.,Complaint,banking77
I suspect someone used my card.,Complaint,banking77
"Hi babe its Jordan, how r u? Im home from abroad and lonely, text me back if u wanna chat xxSP visionsms.com Text stop to stopCost 150p 08712400603",Other,sms_spam
"The music is great, the video is well done. You get a CD and a DVD for the price of the CD alone! What a band, what a concert!",Feedback,amazon_polarity
I can't see a verification code anywhere,Inquiry,banking77
Lol no. Just trying to make your day a little more interesting,Other,sms_spam
I cant keep talking to people if am not sure i can pay them if they agree to price. So pls tell me what you want to really buy and how much you are willing to pay,Other,sms_spam
Will ü b going to esplanade fr home?,Other,sms_spam
Are you able to make exchanges to EUR?,Inquiry,banking77
I don't know how to top up my Google pay.,Inquiry,banking77
My card didn't work at the ATM in Notting Hill.  Is my card working?,Complaint,banking77
Has the check I deposited cleared to I can get the cash?,Complaint,banking77
For the most part of the movie it was so dark that you could not see the actors. Herb Watins,Feedback,amazon_polarity
Why didnt my top up go through,Complaint,banking77
This remote shutter control is quite nice and easy to use. It works well with my Canon Rebel XTi. I recommend it to others.,Feedback,amazon_polarity
Why could I not get cash?,Complaint,banking77
How i noe... She's in da car now... Later then c lar... I'm wearing shorts...,Other,sms_spam
My Identity verification hasn't passed yet is it possible to use my account?,Inquiry,banking77
I have a transfer that was declined.,Complaint,banking77
FREE for 1st week! No1 Nokia tone 4 ur mob every week just txt NOKIA to 8007 Get txting and tell ur mates www.getzed.co.uk POBox 36504 W45WQ norm150p/tone 16+,Other,sms_spam
Free video camera phones with Half Price line rental for 12 mths and 500 cross ntwk mins 100 txts. Call MobileUpd8 08001950382 or Call2OptOut/674&,Other,sms_spam
Reasons for top up cancellation.,Complaint,banking77
My top-up failed to go through.,Complaint,banking77
"does what it is suppose to, and is durable; my only complaint is that the design of the handle makes it take more space than it really needs to.",Feedback,amazon_polarity
Boy; I love u Grl: Hogolo Boy: gold chain kodstini Grl: Agalla Boy: necklace madstini Grl: agalla Boy: Hogli 1 mutai eerulli kodthini! Grl: I love U kano;-),Other,sms_spam
"I've used my account frequently over the last month to manage my payments from abroad for my new place. I noticed that my fees have suddenly increased. As a frequent customer, shouldn't I be rewarded rather than suddenly being subject to a new fee?",Complaint,banking77
Can I get money out of any machine?,Inquiry,banking77
"John Grisham is such a wonderful writer! I predict that anything he writes will become an instant sucess! I've read all of his books, and have enjoyed them all.",Feedback,amazon_polarity
For The First Time In The History 'Need' 'Comfort' And 'Luxury' Are Sold At Same Price In India..!! Onion-Rs. &lt;#&gt;  Petrol-Rs. &lt;#&gt;  Beer-Rs. &lt;#&gt;  SHESIL  &lt;#&gt;,Other,sms_spam
My bag got stolen with all my cards. Can you please cancel my card and send a new one?,Complaint,banking77
Sea Runners will etch the coastline of British Columbia in your mind. An awesome tale.,Feedback,amazon_polarity
When I finally gave the costumes to the kids I noticed that the one custome of Batgirl was not complete. The belt was missing.,Feedback,amazon_polarity
A good insight into the personalities that shaped European history and the World.,Feedback,amazon_polarity
No de.am seeing in online shop so that i asked.,Other,sms_spam
Why do I have an unexpected fee on my bill?,Complaint,banking77
I'm not gay or male but I do enjoy Bob Vickery. His stories always gets my juices flowing. I will definitely read more from him.,Feedback,amazon_polarity
Can both Visa and Mastercard be chosen?,Inquiry,banking77
K.k.this month kotees birthday know?,Other,sms_spam
i got this today. it looks very good. i seen clips on youtube. i got all the other batman movies,Feedback,amazon_polarity
What form of identification is accepted?,Inquiry,banking77
"This, to me, was a very engaging and entertaining movie, I thoroughly enjoyed it. I think this was on a par with the best of the superheroes movies. Thank you",Feedback,amazon_polarity
"For your chance to WIN a FREE Bluetooth Headset then simply reply back with ""ADP""",Other,sms_spam
No dear i do have free messages without any recharge. Hi hi hi,Other,sms_spam
i love this band and this is good box seta must have for wednesday 13 fans,Feedback,amazon_polarity
I made a check deposit but the cash hasn't arrived in my account yet.,Complaint,banking77
How many licks does it take to get to the center of a tootsie pop?,Other,sms_spam
"Great guide for all the local restaraunts as well, it really came in handy. Thank you for your patience with my review.",Feedback,amazon_polarity
I actually did for the first time in a while. I went to bed not too long after i spoke with you. Woke up at 7. How was your night?,Other,sms_spam
I have not received the completed transaction.,Complaint,banking77
How long until my card will get here?,Inquiry,banking77
"If you worry about how much you pay for gas, read this book! END",Feedback,amazon_polarity
How do I verify the top-up?,Inquiry,banking77
why wasn't a transfer to account approved,Complaint,banking77
how do I find the code to verify the top up card?,Inquiry,banking77
The movie was good entertainment for a light evening away from the usual daily stresses. It had an optimistic and realistic ending.,Feedback,amazon_polarity
"What do I do if an ATM ""stole"" my card?",Complaint,banking77
"I cannot get to my app, what should I do?",Complaint,banking77
"An extremely hilarious story of two former presidents played by Garner and Lemmon. Dan Akroyd plays the ""current"" president. All movie fans should own this magnificent Comedy",Feedback,amazon_polarity
Why has my withdrawal not posted?,Complaint,banking77
"i realy love my shape wear, i got one for myself and one for my daughter and she's notice a big difference,",Feedback,amazon_polarity
"which masquerades as total (""perfect"") truth. A hopeful companion for those on the path of self-acceptance beyond the addicting ego-trip of True Belief.",Feedback,amazon_polarity
This is the 2nd time we have tried to contact u. U have won the £1450 prize to claim just call 09053750005 b4 310303. T&Cs/stop SMS 08718725756. 140ppm,Other,sms_spam
This movie lived up to the billing. I've already watched it three times. I really enjoyed the pair of Anne Hathaway and Christian Bale.,Feedback,amazon_polarity
"Fighting with the world is easy, u either win or lose bt fightng with some1 who is close to u is dificult if u lose - u lose if u win - u still lose.",Other,sms_spam
Jason says it's cool if we pick some up from his place in like an hour,Other,sms_spam
Why can't I take cash out of the ATM?,Complaint,banking77
Why was my account charged for using an ATM?,Complaint,banking77
I need to update my info.,Inquiry,banking77
Where am I able to get my PIN unblocked?,Complaint,banking77
How do I verify my identity?,Inquiry,banking77
"I'm trying to move money from my account to elsewhere, but it's giving me an error message.",Complaint,banking77
How do I top up my account with a bank transfer?,Inquiry,banking77
How many payments can I make using a virtual card?,Inquiry,banking77
"Got ur mail Dileep.thank you so muchand look forward to lots of support...very less contacts here,remember one venugopal you mentioned.tomorrow if not late,i shall try to come up till there.goodnight dear.",Other,sms_spam
The AP book is an International version and everything is the same as the orginal version. It is student friendly colorful and well writen in laymans terms.,Feedback,amazon_polarity
My card gets rejected when I try to use it,Complaint,banking77
URGENT! Your Mobile number has been awarded with a £2000 prize GUARANTEED. Call 09058094454 from land line. Claim 3030. Valid 12hrs only,Other,sms_spam
This book is well written and easy to follow. It's a very good way to learn HTML.,Feedback,amazon_polarity
I would like to know where the funds are at.,Inquiry,banking77
How do I get my card into the app?,Inquiry,banking77
Can I receive my salary with this in another currency?,Inquiry,banking77
"Urgent UR awarded a complimentary trip to EuroDisinc Trav, Aco&Entry41 Or £1000. To claim txt DIS to 87121 18+6*£1.50(moreFrmMob. ShrAcomOrSglSuplt)10, LS1 3AJ",Other,sms_spam
How do I go forth on transferring money into my account?,Inquiry,banking77
I have no more money in my account.  Is there a way to do a bank transfer to put money into my account?,Inquiry,banking77
How do you get a virtual card?,Inquiry,banking77
We loved the wedge for our little boy. He slept on it until he outgrew it. It really helped him breathe better when he had a stuffy nose.,Feedback,amazon_polarity
where do I top up my google pay?,Inquiry,banking77
Now I know what they ment about the chickens comming home to roost...I think Gerald Ford was adopted from Adolf Hitler...,Feedback,amazon_polarity
"Mila, age23, blonde, new in UK. I look sex with UK guys. if u like fun with me. Text MTALK to 69866.18 . 30pp/txt 1st 5free. £1.50 increments. Help08718728876",Other,sms_spam
I thought it was a good movie. I grew up watchig transformers. Its nice to see it brought to the big screen.,Feedback,amazon_polarity
Beautiful and very helpful book for both the experienced and novice fishermen. Great pictures really make the book user friendly. Would make a great gift.,Feedback,amazon_polarity
ATM withdrawal not working.,Complaint,banking77
I would like to know what the restrictions are for the disposable cards.,Inquiry,banking77
Ok. There may be a free gym about.,Other,sms_spam
What is this extra fee?,Complaint,banking77
Are there limits on the virtual cards?,Inquiry,banking77
I would like to have assistance with activating my card.,Inquiry,banking77
Where can I see where funds came from?,Inquiry,banking77
I have many Junior League cookbooks and this one is one of my favorites. The recipes work and the food is yummy. I bought two more for my daughters.,Feedback,amazon_polarity
Am I charged if I make a top-up?,Inquiry,banking77
S:-)kallis wont play in first two odi:-),Other,sms_spam
It was a good book to read given that is a classical in American literature but I much rather like Theraou's book Walden.,Feedback,amazon_polarity
Pansy! You've been living in a jungle for two years! Its my driving you should be more worried about!,Other,sms_spam
"it's fun to play without loosing a dimereal gambling can become a terrible addictionhappy with this,easy to play",Feedback,amazon_polarity
I will be gentle princess! We will make sweet gentle love...,Other,sms_spam
"Can you please ask macho what his price range is, does he want something new or used plus it he only interfued in the blackberry bold  &lt;#&gt;  or any bb",Other,sms_spam
THIS MOWER HAS BEEN GREAT SO FAR...HONDA ENGINE GIVES IT ALOT OF PEP...GREAT VALUE PRICE TOO...,Feedback,amazon_polarity
Can I exchange from USD to GBP?,Inquiry,banking77
Why won't my card work.,Complaint,banking77
"This is my second album to nevermore and I wasn't dissapointed, but Politics of Ectasy and Dead Heart in a Dead world are both better. Buy those first.",Feedback,amazon_polarity
I need to cancel a transaction.,Inquiry,banking77
"This is a good product, reasonably priced, as one of those gifts for someone difficult to buy for.",Feedback,amazon_polarity
I have to quickly transfer something to China. How long will it take to arrive there?,Inquiry,banking77
Home so we can always chat,Other,sms_spam
My card payment wasn't declined,Complaint,banking77
"I couldn't use my contactless this morning, it wasn't accepted.",Complaint,banking77
I love that this workout not only makes you sweat but reminds us to stay open and walk tall. Always lead with an open heart,Feedback,amazon_polarity
Please tell me which fiat currencies you support.,Inquiry,banking77
Is it ok if I stay the night here? Xavier has a sleeping bag and I'm getting tired,Other,sms_spam
What are the top-up limits?,Inquiry,banking77
"I had to roder these because I can't find them anywhere anymore! These are the best pens! Not bulky, feel comfortable and never misfire. Love 'em!",Feedback,amazon_polarity
I lost my passcode.,Inquiry,banking77
Your next amazing xxx PICSFREE1 video will be sent to you enjoy! If one vid is not enough for 2day text back the keyword PICSFREE1 to get the next video.,Other,sms_spam
Please tell me why the same transaction is showing up on my account more than once.,Complaint,banking77
"my cash withdrawal is pending, why?",Complaint,banking77
The use of the English language is spectacular in this poisionous comedic drama. It grows and resets the story in perfect rythms to make the reader envious.,Feedback,amazon_polarity
I'm interested in what your exchange rates are based on.,Inquiry,banking77
What is the wait time until money reaches my account?,Inquiry,banking77
FREE MSG:We billed your mobile number by mistake from shortcode 83332.Please call 08081263000 to have charges refunded.This call will be free from a BT landline,Other,sms_spam
"I was double charged, and the second charge is showing as ""pending"". How long will it be before I get my money back once the second charge has been refunded?",Complaint,banking77
I purchased this to replace one that was broken I received excellent srvice the watch arrived on time and was everything I expected it to be Great service,Feedback,amazon_polarity
"YOU VE WON! Your 4* Costa Del Sol Holiday or £5000 await collection. Call 09050090044 Now toClaim. SAE, TC s, POBox334, Stockport, SK38xh, Cost£1.50/pm, Max10mins",Other,sms_spam
If you are into this type of movie this is most differently a movie that is action packed and can keep everyone entertained.,Feedback,amazon_polarity
How many times can I use my disposable card?,Inquiry,banking77
I am not seeing a refund in my statement.,Complaint,banking77
plesantly surprised with this album....i guess 'old is gold'....neil diamond still has that enchanting voice and hearing him brings back nostalgic memories....recommend it to all the baby boomers out there.....,Feedback,amazon_polarity
My payment has been declined several times.  Can you help me?,Complaint,banking77
When will I receive my card?,Inquiry,banking77
"I have never been charged for making an ATM cash withdrawal before, but I am now being charged a fee to withdraw cash. What happened?",Complaint,banking77
"500 New Mobiles from 2004, MUST GO! Txt: NOKIA to No: 89545 & collect yours today!From ONLY £1 www.4-tc.biz 2optout 087187262701.50gbp/mtmsg18 TXTAUCTION",Other,sms_spam
I had a plantic measurement cup and the printed measurement could not be read. This one does not have the same problem.,Feedback,amazon_polarity
Where can I get my card at?,Inquiry,banking77
"Great book to do your dreaming of a life of rving,info great,very precise.A must read for those considering this lifestyle..Covers everything.",Feedback,amazon_polarity
"YOU 07801543489 are guaranteed the latests Nokia Phone, a 40GB iPod MP3 player or a £500 prize! Txt word:COLLECT to No:83355! TC-LLC NY-USA 150p/Mt msgrcvd18+",Other,sms_spam
Looks great and in good condition.can wait to view it. The season was also sent fast. I will definitly buy again.,Feedback,amazon_polarity
The item that I requested came in a timely manner and was in excellent shape! Thanks!,Feedback,amazon_polarity
"I loved this book. I listened to it on CD, and it always kept my attention. Couldn't wait to get back to it.",Feedback,amazon_polarity
We tried to contact you re your reply to our offer of 750 mins 150 textand a new video phone call 08002988890 now or reply for free delivery tomorrow,Other,sms_spam
I don't know what this Direct Debit payment on my account is for.,Complaint,banking77
What do I do to unblock my PIN?,Complaint,banking77
I bought this CD for one song. (Janes getting serious) but I ended up really liking the CD. I would recommend this CD.,Feedback,amazon_polarity
Why would I be charged an extra fee while doing a transfer?,Complaint,banking77
This book came highly recommended to me by my Rabbi's husband. I was not disappointed! I think everyone will love this illustrated novel.Jorma,Feedback,amazon_polarity
a good collection and will be a long time favorite a movie to be never forgotten. Mel is a good actor,Feedback,amazon_polarity
You are a winner U have been specially selected 2 receive £1000 or a 4* holiday (flights inc) speak to a live operator 2 claim 0871277810910p/min (18+),Other,sms_spam
Can I use a transfer to receive my transfer?,Inquiry,banking77
I exchanged Russian rubles for British pounds today and got less than I expected. Was exchange rate correct?,Complaint,banking77
Kodokan Masters shows good basic Judo and history of the Art.A good tape for beginners and black belts. The only drawback was the length at 47min. for [price].,Feedback,amazon_polarity
It makes so much easier to hold my cards and my friends like them very much. Thanks for selling this product.,Feedback,amazon_polarity
"The product was great. More importantly, amazon.com is easy to use and they ship so quickly. Love this site!!",Feedback,amazon_polarity
"To date, nearly fifty years later, this is still my more memorable movie. Our world can change--turn upside down--but one should never give up hope.Ann Bhatia, HOuston",Feedback,amazon_polarity
How quickly can I transfer something to China?,Inquiry,banking77
"My ATM transaction shorted me on cash, and I think the exchange rate was wrong. Did I receive the correct rate?",Complaint,banking77
I need a new card before it expires.,Inquiry,banking77
Everything was advertised. It showed up in a week after I made the online purchase. It is a very good solution key....all of the key steps are listed.,Feedback,amazon_polarity
"Amazing illustrations...great whimsy...interesting facts. And, I even learned a little about Wisconsin that I didn't know about! Of all our ABC books, our kids select this one first to read.",Feedback,amazon_polarity
do you have a fee for receiving a SEPA transfer?,Inquiry,banking77
What is the fee to top-up my account,Inquiry,banking77
I need a refund?,Inquiry,banking77
Someone else may be using my card.  There are transactions I don't recognize.,Complaint,banking77
Do you give refunds?,Inquiry,banking77
YES! The only place in town to meet exciting adult singles is now in the UK. Txt CHAT to 86688 now! 150p/Msg.,Other,sms_spam
"Doing nothing, then u not having dinner w us?",Other,sms_spam
"Works great when you're in front of the camera, wish it worked as well from the other sides.",Feedback,amazon_polarity
"Absolutely loved the story it's definitely worth reading through. I found some things a little difficult to follow because it's old English, but it was still a great read.",Feedback,amazon_polarity
Ur TONEXS subscription has been renewed and you have been charged £4.50. You can choose 10 more polys this month. www.clubzed.co.uk *BILLING MSG*,Other,sms_spam
Dhoni have luck to win some big title.so we will win:),Other,sms_spam
How do I get a new card sent to China?,Inquiry,banking77
"Nice gold plated terminal for very low resistance connection, and low maintenance. These should last a long time, and give trouble free performance. Look very good too.",Feedback,amazon_polarity
"A nice, quiet tale to read your child during bedtime. Soft, tasteful pictures fit perfectly to a story about a mother's enduring love. Sweet.",Feedback,amazon_polarity
The app shows a withdrawal that I did not make or authorize.,Complaint,banking77
Congratulations ur awarded 500 of CD vouchers or 125gift guaranteed & Free entry 2 100 wkly draw txt MUSIC to 87066 TnCs www.Ldew.com1win150ppmx3age16,Other,sms_spam
I need my virtual card,Inquiry,banking77
We had to replace our soundcard as the old headphone jack was damaged. This one works great,Feedback,amazon_polarity
"heard a lot of other's with same songs, only this cd has best versions(faster, happier and more fun) this cd is a MUST HAVE!",Feedback,amazon_polarity
WHAT IS THE SOLUTION OF THIS PROBLEM,Inquiry,banking77
Can I change the amount I made on a payment that I made to the payment is correct.,Inquiry,banking77
Kevin Bacon is the man...this movie is full of non stop action and will have you on the edge of your seat the whole way through...highly recommended,Feedback,amazon_polarity
Quick arrival of goods and exactly what was ordered. Thanks! No problems with order or supplier. a b c d e,Feedback,amazon_polarity
This is an excellent cd that represents feeling of the Korean drama perfectly. Very enjoyable. You won't be disappointed. This cd will make you smile remembering the show.,Feedback,amazon_polarity
This CD is amazing. I am very sad that 107.7 The X in Birmingham is no longer. They made a great CD to benefit a great cause.,Feedback,amazon_polarity
when does the rate get determined,Inquiry,banking77
"The last thing i ever wanted to do was hurt you. And i didn't think it would have. You'd laugh, be embarassed, delete the tag and keep going. But as far as i knew, it wasn't even up. The fact that you even felt like i would do it to hurt you shows you really don't know me at all. It was messy wednesday, but it wasn't bad. The problem i have with it is you HAVE the time to clean it, but you choose not to. You skype, you take pictures, you sleep, you want to go out. I don't mind a few things here and there, but when you don't make the bed, when you throw laundry on top of it, when i can't have a friend in the house because i'm embarassed that there's underwear and bras strewn on the bed, pillows on the floor, that's something else. You used to be good about at least making the bed.",Other,sms_spam
How do I link a new card in the app?,Inquiry,banking77
Which one are you?  Visa or Mastercard?,Inquiry,banking77
"I got my American Express in Apple Pay, why is top up not working correctly?",Inquiry,banking77
"i've waited 2 days for a transfer to reach a retailers account, am i going to have to wait longer.",Complaint,banking77
There is a direct debit fee in the App that I didn't do.,Complaint,banking77
My cash transaction isn't showing on my account,Complaint,banking77
Great News! Call FREEFONE 08006344447 to claim your guaranteed £1000 CASH or £2000 gift. Speak to a live operator NOW!,Other,sms_spam
"My PIN number was incorrect, and I can't access it.",Complaint,banking77
I don't recognize the direct debit payment from the app.,Complaint,banking77
how long until a cash withdrawal will show on my account,Complaint,banking77
"I couldn't believe it was this good! 3 very different movies, but this is at least as good as Dark Knight.",Feedback,amazon_polarity
Hmm...my uncle just informed me that he's paying the school directly. So pls buy food.,Other,sms_spam
"Hi, wkend ok but journey terrible. Wk not good as have huge back log of marking to do",Other,sms_spam
FREEMSG: Our records indicate you may be entitled to 3750 pounds for the Accident you had. To claim for free reply with YES to this msg. To opt out text STOP,Other,sms_spam
Is it okay to use a bank card to top up,Inquiry,banking77
I tried to buy something online yesterday but it kept saying declined. Tried again today but same thing happened. What's wrong?,Complaint,banking77
"Signal is good, vivide picture, feel good when hold it in hand, two screens make it perfect cellphone, however the cam is not so good.",Feedback,amazon_polarity
Is it free to send out more cards?,Inquiry,banking77
I bought to use in my classroom. It was a great price and deal. My students are excited to watch these as well as my own kids.,Feedback,amazon_polarity
Wanna get laid 2nite? Want real Dogging locations sent direct to ur mobile? Join the UK's largest Dogging Network. Txt PARK to 69696 now! Nyt. ec2a. 3lp £1.50/msg,Other,sms_spam
What do I do if my phone was stolen?,Complaint,banking77
How can I request cash back? The ATM gave me the wrong amount that I've been charged though...,Complaint,banking77
Can you use foreign stamps for whatever you send them off for?,Other,sms_spam
What us the fee to transfer money from my bank?,Inquiry,banking77
"LookAtMe!: Thanks for your purchase of a video clip from LookAtMe!, you've been charged 35p. Think you can do better? Why not send a video in a MMSto 32323.",Other,sms_spam
I think I'ts a very good film about the wonderful bonsai. It's really very interesting!,Feedback,amazon_polarity
Can I get a full list of instructions for identity checks?,Inquiry,banking77
I love u 2 babe! R u sure everything is alrite. Is he being an idiot? Txt bak girlie,Other,sms_spam
I have an incorrect charge and would like a refund.,Inquiry,banking77
"Please help me, its urgent. Someone has withdrawn money from my account as few hours before my wallet has been. Now i want to stop withdrawal of more money.",Complaint,banking77
How can my new card be activated?,Inquiry,banking77
How can I get money in my home currency while I'm traveling internationally? I wanted to take it out of a local ATM but am worried that I will get charged extra fees.,Complaint,banking77
"The service here is horrible, I want to delete my account.",Inquiry,banking77
Who can have access to top up my account?,Inquiry,banking77
"Congrats! 1 year special cinema pass for 2 is yours. call 09061209465 now! C Suprman V, Matrix3, StarWars3, etc all 4 FREE! bx420-ip4-5we. 150pm. Dont miss out!",Other,sms_spam
when you and derek done with class?,Other,sms_spam
I do not know my passcode.,Inquiry,banking77
I saw I was charged extra for money I withdrew?,Complaint,banking77
"Very satisfied as usual, will definitely use this dealer again.I am sure any of you would also benefit from their service.",Feedback,amazon_polarity
Can I top-up via Apple Pay?,Inquiry,banking77
"Ordered these for my husband, it's his 2nd pair. He wore the 1st pair into the ground over several years so pretty good value.",Feedback,amazon_polarity
Is my card denied anywhere?,Inquiry,banking77
What do I do to lock my phone after losing it so my account isn't accessed,Complaint,banking77
My cash withdrawal isnt showing on my account,Complaint,banking77
"Urgent! call 09066350750 from your landline. Your complimentary 4* Ibiza Holiday or 10,000 cash await collection SAE T&Cs PO BOX 434 SK3 8WP 150 ppm 18+",Other,sms_spam
Do you support all fiat currencies?,Inquiry,banking77
"Just received my replacement card, what steps do i need to take to activate it?",Inquiry,banking77
"Someone has contacted our dating service and entered your phone becausethey fancy you! To find out who it is call from a landline 09058098002. PoBox1, W14RG 150p",Other,sms_spam
The wait for this transfer seems to be taking a very long time.  It is very important that it goes through quickly. Can you please tell me how long it may take?,Complaint,banking77
"I think I want AUD and not GBP, can you help?",Inquiry,banking77
Sry da..jst nw only i came to home..,Other,sms_spam
"XXXMobileMovieClub: To use your credit, click the WAP link in the next txt message or click here>> http://wap. xxxmobilemovieclub.com?n=QJKGIGHJJGCBL",Other,sms_spam
Can I receive my salary in a currency other than what it is deposited in?,Inquiry,banking77
Can you tell me why I was declined from getting cash?,Complaint,banking77
This is a fun movie where you can just lose yourself and enjoy the ride. A lot of funny parts throughout too.,Feedback,amazon_polarity
I do very much like this game. It has a great UI (user interface) and is a lot of fun. Not much else I can say.,Feedback,amazon_polarity
How can I the person see my money transaction?,Complaint,banking77
Can you please identify the problem with my bank card?,Complaint,banking77
There appears to have been a reversion in my top up,Complaint,banking77
"Up tight people get theirs with humor, but not much differently from the theatrical release",Feedback,amazon_polarity
"I think that the Deodato concerts are very rich, as he used real strings and band musicians, as well as you can appreciate the John Tropea excelent renditions on guitar.",Feedback,amazon_polarity
Lara said she can loan me  &lt;#&gt; .,Other,sms_spam
I need my funds verified.,Inquiry,banking77
"Beautiful tomorrow never comes.. When it comes, it's already TODAY.. In the hunt of beautiful tomorrow don't waste your wonderful TODAY.. GOODMORNING:)",Other,sms_spam
from www.Applausestore.com MonthlySubscription@50p/msg max6/month T&CsC web age16 2stop txt stop,Other,sms_spam
Is my PIN recorded anywhere?,Inquiry,banking77
is it possible to top-up with google pay.,Inquiry,banking77
I believe that someone is using my card without my knowledge!,Complaint,banking77
I would like to reactivate my card that I previously reported lost. I located the card this morning.,Inquiry,banking77
"I can't, I don't have her number!",Other,sms_spam
The app wouldn't accept my top up.,Complaint,banking77
Please check my payment from last Saturday as I feel I have been overcharged on the exchange rate.  Thank you.,Complaint,banking77
8007 FREE for 1st week! No1 Nokia tone 4 ur mob every week just txt NOKIA to 8007 Get txting and tell ur mates www.getzed.co.uk POBox 36504 W4 5WQ norm 150p/tone 16+,Other,sms_spam
"This is the best in the series , very realistic and lots of micro management . No disappointments and is well worth the money for endless hours of fun !!!!!",Feedback,amazon_polarity
What sort of restrictions are there for the disposable cards?,Inquiry,banking77
"I loved this book in high school, and I love it now. A tale of a strong woman that doesn't let society bring her down.",Feedback,amazon_polarity
"Great ideas, practical creative applications. This book has ideas that you can tweak and use to make very nice things for your home or as a professional artist.",Feedback,amazon_polarity
What needs to be done to activate and use a card?,Inquiry,banking77
"Usf I guess, might as well take 1 car",Other,sms_spam
Where do my funds originate from?,Inquiry,banking77
"The cologne smells awesome but doesn't last as long as we would like. Other than, it's great nd and the smell is sexy!",Feedback,amazon_polarity
Items waas as described and shipped on time. Was a gift and just what was asked for. Item was in very good condition.,Feedback,amazon_polarity
"Purchased this textbook (used) for hardly any money, arrived on time and is in an acceptable condition.",Feedback,amazon_polarity
CALL 09090900040 & LISTEN TO EXTREME DIRTY LIVE CHAT GOING ON IN THE OFFICE RIGHT NOW TOTAL PRIVACY NO ONE KNOWS YOUR [sic] LISTENING 60P MIN 24/7MP 0870753331018+,Other,sms_spam
What currencies is an exchange rate calculated in?,Inquiry,banking77
I might have been charged on my debit statement by fraud.,Complaint,banking77
"I can not seem to make a successful transfer, can you tell me what I'm doing wrong?",Complaint,banking77
"This lovely book of poems is accompanied by various black and white photographs. The many poems are touching, mellow, and close to the heart.",Feedback,amazon_polarity
Under the Tuscan Sun was such an enjoyable movie.Diane Lane is just great in the starring role.,Feedback,amazon_polarity
He is world famamus....,Other,sms_spam
There is a payment I don't recognize,Complaint,banking77
Why did you charge me more for my purchase? It was a foreign currency and you didn't offer market rate,Complaint,banking77
I sent a cheque  a few days ago and nothing has happened to my account yet. Can you please check on this for me?,Complaint,banking77
Why is my cash withdrawal still showing as pending?,Complaint,banking77
How can I make my card ready to use?,Inquiry,banking77
"Great buy, product works really well. The control is ready to use on my 60D, just plug it in and that is it!",Feedback,amazon_polarity
I keep ten rs in my shelf:) buy two egg.,Other,sms_spam
This story is epic. Asimov shines in The Foundation. Makes you want to read the whole series. (something Im in the process of doing now. ;),Feedback,amazon_polarity
"Sppok up ur mob with a Halloween collection of nokia logo&pic message plus a FREE eerie tone, txt CARD SPOOK to 8007",Other,sms_spam
Exchange rate for my card payment is wrong,Complaint,banking77
Our German Shepherd has arthritis in her hips and the wagon lets her go out and about again.,Feedback,amazon_polarity
I had been looking for this book for years. I read it as a child and wanted to have it. Thank you so much for a great vintage copy!,Feedback,amazon_polarity
Great movie but a little long for me. Got a little board half way through but than it picked up.,Feedback,amazon_polarity
"naughty little thought: 'its better to flirt, flirt n flirt, rather than loving someone n gettin hurt, hurt n hurt...:-) Gud nyt",Other,sms_spam
I purchased for my guest room for overnight stays for family members.this holds up very well especially for grandchildren,Feedback,amazon_polarity
I have yet to receive my virtual card,Inquiry,banking77
FREE entry into our £250 weekly comp just send the word WIN to 80086 NOW. 18 T&C www.txttowin.co.uk,Other,sms_spam
How do I find the verification code for my top-up card?,Inquiry,banking77
Whats wrong with my currency exchange?,Complaint,banking77
This filter is essential if you use tap water at home. It dramatically increases the quality of your coffee.,Feedback,amazon_polarity
Ugh its been a long day. I'm exhausted. Just want to cuddle up and take a nap,Other,sms_spam
Ever thought about living a good life with a perfect partner? Just txt back NAME and AGE to join the mobile community. (100p/SMS),Other,sms_spam
Do you need to know my first and last name?,Inquiry,banking77
Do you accept checks?,Inquiry,banking77
How long does it take to get money from Europe?,Inquiry,banking77
"If realy read this book you can't not dare to have doubts about autor ,you just feel it , like it was happining to you.It's horror!!!",Feedback,amazon_polarity
"Great Guitar. Sounds great, holds tune. Looks great. at this price my friends were very jealous! Amazon standard free shipping took forever.",Feedback,amazon_polarity
Yar lor wait 4 my mum 2 finish sch then have lunch lor... I whole morning stay at home clean my room now my room quite clean... Hee...,Other,sms_spam
"Good movie, and one of Tom Cruise's best efforts. I gave it as a Christmas gift to a patriot friend of mine.",Feedback,amazon_polarity
I recently transferred money to my account when will it show up?,Complaint,banking77
Can it add money every so often automatically while I travel?,Inquiry,banking77
"Simple design, very effective. One word of advice, there must be enough liquid in the container being siphoned to fill the tube, otherwise a siphon won't form.",Feedback,amazon_polarity
We play a card game that requires holding several cards. These card holders are a huge help. I really like having multiple colors.,Feedback,amazon_polarity
How do I replace my card before it expires next month?,Inquiry,banking77
How many disposable cards can I make in a day?,Inquiry,banking77
I would like to delete my account.,Inquiry,banking77
It is pretty hard. Wouldn't be good for a beginner. I suppose it would be good for an advanced student. Good songs in it.,Feedback,amazon_polarity
"U've been selected to stay in 1 of 250 top British hotels - FOR NOTHING! Holiday valued at £350! Dial 08712300220 to claim - National Rate Call. Bx526, SW73SS",Other,sms_spam
Sounds better than my evening im just doing my costume. Im not sure what time i finish tomorrow but i will txt you at the end.,Other,sms_spam
nice to control flashes and play with light for creative photography.. keep in mind it need batteries which is not included and you need to order them separately.,Feedback,amazon_polarity
Can I link an existing card?,Inquiry,banking77
What is this €1 fee in my statement?,Complaint,banking77
Can I top-up any amount?,Inquiry,banking77
"Hmm, too many of them unfortunately... Pics obviously arent hot cakes. Its kinda fun tho",Other,sms_spam
Kendra Kandlestar and the Box of Whispers is a wonderful book! Fans of Harry Potter will really love this book!,Feedback,amazon_polarity
How do i cancel my transaction?,Inquiry,banking77
When will my top-up process?,Complaint,banking77
Are you only able to get a card if you're in the UK?,Inquiry,banking77
Urgent! Please call 09061743811 from landline. Your ABTA complimentary 4* Tenerife Holiday or £5000 cash await collection SAE T&Cs Box 326 CW25WX 150ppm,Other,sms_spam
Are there restrictions on disposable virtual cards?,Inquiry,banking77
Why can't I transfer to another account?,Complaint,banking77
I transferred some money but it is not here yet,Complaint,banking77
What do I need to do to perform identity checks?,Inquiry,banking77
Can I see the source of my available money?,Inquiry,banking77
Can I transfer money to my card via bank-transfer?,Inquiry,banking77
What will I need to verify my identity,Inquiry,banking77
I'm getting an error when trying to make a payment. I want to purchase a flat but my mortgage payment needs to go through. Can you help me?,Complaint,banking77
This was a good buy for projection of a 50th anniversary celebration for my parents. Clear picture in a 25'x30' area.,Feedback,amazon_polarity
Well I wasn't available as I washob nobbing with last night so they had to ask Nickey Platt instead of me!;,Other,sms_spam
Is there a top charge for US cards?,Inquiry,banking77
Can I transfer money using the SWIFT service?,Inquiry,banking77
I would like to get an account for my child.,Inquiry,banking77
"I did a lot of looking on-line before deciding to buy this product, and I'm happy with my decision.Good product, good price, and delivered in a timely manner.",Feedback,amazon_polarity
"WIN: We have a winner! Mr. T. Foley won an iPod! More exciting prizes soon, so keep an eye on ur mobile or visit www.win-82050.co.uk",Other,sms_spam
I was told I would be getting a refund but I have yet to see it,Complaint,banking77
"The show is a fantastic mix of visual metaphors, special effects and beautiful music. A must have!",Feedback,amazon_polarity
Yup ok thanx...,Other,sms_spam
There is a fee I don't recognize on my statement.,Complaint,banking77
"How is my boy? No sweet words left for me this morning ... *sighs* ... How goes you day, my love ? Did you start your studying?",Other,sms_spam
"REMINDER FROM O2: To get 2.50 pounds free call credit and details of great offers pls reply 2 this text with your valid name, house no and postcode",Other,sms_spam
I don't understand why I'm being charged for using my card.,Complaint,banking77
"This is a great Novelty CD. I purchased it especially for the ""I want a Hippopotamus for Christmas "" song as my daughter loves it !!",Feedback,amazon_polarity
The ink in these seems to run very smoothly; better than the last batch I bought at the store. Good price for regular ball-point pens.,Feedback,amazon_polarity
How dp i top up with a cheque ?,Inquiry,banking77
Your B4U voucher w/c 27/03 is MARSMS. Log onto www.B4Utele.com for discount credit. To opt out reply stop. Customer care call 08717168528,Other,sms_spam
Why did I not get all the cash I asked for?,Complaint,banking77
"Great spare power supply, the only con' is the excess of weat generated when you use it for a long time... but works great!",Feedback,amazon_polarity
Meeting u is my work. . . Tel me when shall i do my work tomorrow,Other,sms_spam
Is there something wrong with my ATM Card?  Tried using it earlier and it did not work.,Complaint,banking77
I was needing you to see if the exchange rate is correct from when i got cash,Complaint,banking77
"It's VERY big (in line for a stockpot, just bigger than most pots that most people have seen), even heat distribution, well constructed, works very well.",Feedback,amazon_polarity
"This is a cute story with characters that the kids know and love from TV. Easy to read and even very young children can help ""read"" it with the pictures.",Feedback,amazon_polarity
I need urgent help. I realize I sent my payment to the wrong account number. I made a typo. Please cancel the transfer immediately. I cannot do anything from the app.,Inquiry,banking77
What are my remedies if I think I was charged twice for the same expense?,Complaint,banking77
"Ooh, 4got, i'm gonna start belly dancing in moseley weds 6.30 if u want 2 join me, they have a cafe too.",Other,sms_spam
Can you tell me where I can order a virtual card?,Inquiry,banking77
I want to get a refund.,Inquiry,banking77
"I expected something special from this CD and, as rarely happens, it exceeded my expectations. If you're into pop-based rock, this is as good as it gets.",Feedback,amazon_polarity
"Always wanted a 2nd cap, lost one before and worried about my lens. this isgreat product at a great price.",Feedback,amazon_polarity
My son will be so happy on Christmas morning since he has been asking for Diesel 10 for weeks now!,Feedback,amazon_polarity
It didn't give me my cash,Complaint,banking77
I haven't received my pin,Inquiry,banking77
Is it possible for me to set up separate accounts for my kids?,Inquiry,banking77
"If the ATM only gave me 10 pounds instead of the 30 I requested, what do I do?",Complaint,banking77
I want to choose a new PIN.,Inquiry,banking77
What is this charge on my account for a cash withdrawl?,Complaint,banking77
My account says I have money but I withdrew it in cash.,Complaint,banking77
"My card's expiring a month from now, should I place an order for the new card?",Inquiry,banking77
My statement shows an extra fee - what is it?,Complaint,banking77
I would like to exchange currency  What types are there?,Inquiry,banking77
"Help me please, My Apple Pay American Express top up does not work.",Inquiry,banking77
"Orange brings you ringtones from all time Chart Heroes, with a free hit each week! Go to Ringtones & Pics on wap. To stop receiving these tips reply STOP.",Other,sms_spam
Why is there an extra fee on my statement?,Complaint,banking77
Are there any top-up limits involved?,Inquiry,banking77
Can you tell me the ATMs I can use with my card?,Inquiry,banking77
I need this item refunded,Inquiry,banking77
"SMS. ac Blind Date 4U!: Rodds1 is 21/m from Aberdeen, United Kingdom. Check Him out http://img. sms. ac/W/icmb3cktz8r7!-4 no Blind Dates send HIDE",Other,sms_spam
"What a surprise. Toni Collette is amazing and while some of the scenes are cringe-worthy and unnecessary, bottom-line Toni can act and is worth watching.",Feedback,amazon_polarity
"IF WHAT YOU SAID KENNETH MARBURY IS TRUE, EVERYONE GET TOGETHER AND TRY TO GET THIS DIRECTOR'S CUT WITH THE ORIGINAL ACCENT AND THE CUT SCENES.",Feedback,amazon_polarity
I noticed an extra pound charge?,Complaint,banking77
"Better than others Batman Unnecessarily long. Catwoman no charm, evil not strong enough, Robin promising. Great FX, Good photography. Waiting for the sequel.",Feedback,amazon_polarity
This a very good brand of electric tape.I've wanted this type of tape in my tool box for some time now.I'm glad I purchased this brand.,Feedback,amazon_polarity
What do I need to do in order to get a new card?,Inquiry,banking77
I dled 3d its very imp,Other,sms_spam
I am having trouble proving my identity.,Complaint,banking77
I've made a transfer from France two days ago but I was wondering if international transfers take longer to arrive because it hasn't made it yet.,Complaint,banking77
"I made a mistake when sending a payment, sending it to the wrong account number (with a typo) - can you please cancel the transaction?",Inquiry,banking77
Do I get to choose between Visa and Mastercard?,Inquiry,banking77
This book is an advanced guide to Michigan trees. There aren't any color photos so you actually have to learn the parts of a tree to help identify!,Feedback,amazon_polarity
I got a new card and can't find where to link it.,Inquiry,banking77
Will the system automatically update once there is no more money left?,Inquiry,banking77
Great! I have to run now so ttyl!,Other,sms_spam
Which ATM's accept my card?,Inquiry,banking77
Call FREEPHONE 0800 542 0578 now!,Other,sms_spam
Why did I get declined during a transfer?,Complaint,banking77
I think the top up failed,Complaint,banking77
"So convienient. easy to use. i like the variability of water needed, one cup or more. it looks good and is easy to clean.",Feedback,amazon_polarity
not bad but be warned you need to buy extra play-doh at local store before handing it to the kid's,Feedback,amazon_polarity
74355 XMAS iscoming & ur awarded either £500 CD gift vouchers & free entry 2 r £100 weekly draw txt MUSIC to 87066 TnC,Other,sms_spam
I would like to change my adress,Inquiry,banking77
May I have a second card?,Inquiry,banking77
Please CALL 08712402902 immediately as there is an urgent message waiting for you.,Other,sms_spam
"Hey I want to buy some crypto but the app doesn't allow me to! What's the issue, I really want to exchange this",Complaint,banking77
This book is a hands on training. It covers every aspect of the software. Excelent source for those who want to learn 3D Studio Max.,Feedback,amazon_polarity
Will I need a new card or can I put my old card back into the app?,Inquiry,banking77
Reminder: You have not downloaded the content you have already paid for. Goto http://doit. mymoby. tv/ to collect your content.,Other,sms_spam
Then u drive lor.,Other,sms_spam
What is the exchange looking like?,Inquiry,banking77
"So earlier I went to an ATM and got cash. But when I checked the app, it states that the withdrawal is pending. How can that be when I have the cash on me?",Complaint,banking77
My card has been compromised. I see a bunch of online shopping charges that I didn't make. I need to freeze it immediately.,Complaint,banking77
Card payment didn't go through.,Complaint,banking77
"Every King Was Once A Crying Baby And Every Great Building Was Once A Map.. Not Imprtant Where U r TODAY, BUT Where U Wil Reach TOMORW. Gud ni8",Other,sms_spam
"Yeah that's what I thought, lemme know if anything's goin on later",Other,sms_spam
I think i've fixed it can you send a test message?,Other,sms_spam
Am not interested to do like that.,Other,sms_spam
I would like to know the countries you are offer services in?,Inquiry,banking77
"Hi, the SEXYCHAT girls are waiting for you to text them. Text now for a great night chatting. send STOP to stop this service",Other,sms_spam
Glasses are well made heavy little tumblers. Also like that they match the other Gilbrater glasses made by Libbey,Feedback,amazon_polarity
There is a direct debit I do not recognise in my statement,Complaint,banking77
I think my top-up has failed.,Complaint,banking77
"These shoes are wonderful! They fit well and are so comfortable. Plus, they are great looking.",Feedback,amazon_polarity
Great story. Raymond Fesit is a fantastic author. I have enjoyed all off his novels that I have read to date.,Feedback,amazon_polarity
how do i avoid charges in the future,Complaint,banking77
"Garbage bags, eggs, jam, bread, hannaford wheat chex",Other,sms_spam
the book was great. i can't wait for the next one. definitely captivating.,Feedback,amazon_polarity
"Wan2 win a Meet+Greet with Westlife 4 U or a m8? They are currently on what tour? 1)Unbreakable, 2)Untamed, 3)Unkempt. Text 1,2 or 3 to 83049. Cost 50p +std text",Other,sms_spam
What is the need to verify my identity?,Inquiry,banking77
Havent mus ask if u can 1st wat. Of meet 4 lunch den u n him meet can already lor. Or u wan 2 go ask da ge 1st then confirm w me asap?,Other,sms_spam
Where can I find my PIN? I haven't gotten it yet.,Inquiry,banking77
Ok that's great thanx a lot.,Other,sms_spam
"This book has enough ""new"" ideas and presents them in an excellent fashion, so it warrants a five-star rating. It is a quick read and easy to incorporate immediately.",Feedback,amazon_polarity
"HOT LIVE FANTASIES call now 08707509020 Just 20p per min NTT Ltd, PO Box 1327 Croydon CR9 5WB 0870 is a national rate call",Other,sms_spam
Wot about on wed nite I am 3 then but only til 9!,Other,sms_spam
Where are the ATMs that I can use Mastercard?,Inquiry,banking77
"URGENT. Important information for 02 user. Today is your lucky day! 2 find out why , log onto http://www.urawinner.com there is a fantastic surprise awaiting you !",Other,sms_spam
I accidentally put in the wrong pin too many times and now I need to unblock it. Can you assist with this?,Complaint,banking77
I checked my account today and it said I was out of money. How do I transfer money into my account?,Inquiry,banking77
Id onluy matters when getting on from offcampus,Other,sms_spam
Why is my top-up still outstanding?,Complaint,banking77
How do I know which payments I make will have additional fees? Where can I find this information online?,Complaint,banking77
You have WON a guaranteed £1000 cash or a £2000 prize.To claim yr prize call our customer service representative on,Other,sms_spam
I did a cash deposit to my account but it doesn't show up,Complaint,banking77
"Xmas Offer! Latest Motorola, SonyEricsson & Nokia & FREE Bluetooth or DVD! Double Mins & 1000 Txt on Orange. Call MobileUpd8 on 08000839402 or call2optout/4QF2",Other,sms_spam
I have really enjoyed reading this book and much as I have the Area 51 Series. Why aren't there more on the Psychic Warrior?Please write more on this subject too!,Feedback,amazon_polarity
"I was told that withdrawing cash from the ATM is free, but I'm charged a fee. Why is this?",Complaint,banking77
there is a charge i dont recognize,Complaint,banking77
I would like to move money from one account to another to top off my account. Can you explain how I can do that?,Inquiry,banking77
Awesome Seller! Great service and very helpful! Will be back when I need more books! Highly Recommend!!!,Feedback,amazon_polarity
My son loves to listen to the tape. It had wonderful songs and it really involves the kids. I must admit that I too love to listen.,Feedback,amazon_polarity
Are there any reasons that my identity wouldn't be accepted even though everything I've provided is factual?,Complaint,banking77
"500 New Mobiles from 2004, MUST GO! Txt: NOKIA to No: 89545 & collect yours today!From ONLY £1 www.4-tc.biz 2optout 087187262701.50gbp/mtmsg18",Other,sms_spam
"As a SIM subscriber, you are selected to receive a Bonus! Get it delivered to your door, Txt the word OK to No: 88600 to claim. 150p/msg, EXP. 30Apr",Other,sms_spam
Can you tell me the countries you provide support for.,Inquiry,banking77
Want explicit SEX in 30 secs? Ring 02073162414 now! Costs 20p/min,Other,sms_spam
Is there a way to tell where the money came from?,Inquiry,banking77
Natalja (25/F) is inviting you to be her friend. Reply YES-440 or NO-440 See her: www.SMS.ac/u/nat27081980 STOP? Send STOP FRND to 62468,Other,sms_spam
This item is good but next time I would go to the local store and get a cheaper one that does the same thing.,Feedback,amazon_polarity
Helter Skelter motive is a little far out. Real reason for murder was a copycat of Beausoeil's murder of Gary Hinman.,Feedback,amazon_polarity
"The Jabra Eargels are wonderful.. I cannot believe how comfortable, and user friendly they are. Thank you, if not for these, I could not use my bluetooth.Great Merchandise..",Feedback,amazon_polarity
"My fri ah... Okie lor,goin 4 my drivin den go shoppin after tt...",Other,sms_spam
I'll text now! All creepy like so he won't think that we forgot,Other,sms_spam
I would consider moving to an island and watching this movie on repeat for the rest of my life. SHES rip,Feedback,amazon_polarity
"09066362231 URGENT! Your mobile No 07xxxxxxxxx won a £2,000 bonus caller prize on 02/06/03! this is the 2nd attempt to reach YOU! call 09066362231 ASAP!",Other,sms_spam
What places can I use my card?,Inquiry,banking77
Dunno y u ask me.,Other,sms_spam
The ATM did not give me my card back?,Complaint,banking77
I use GBP for my salary deposits. Must I set this up somewhere?,Inquiry,banking77
This works exactly as expected in my Olympus B-5050 digital zoom. It takes charges well and holds them. Also the price was very reasonable.,Feedback,amazon_polarity
How long does a card delivery take?,Inquiry,banking77
Have you got Xmas radio times. If not i will get it now,Other,sms_spam
I don't know how to verify my identity.,Inquiry,banking77
How would you use a disposable card?,Inquiry,banking77
Why has my card been charged an extra pound?,Complaint,banking77
Get a brand new mobile phone by being an agent of The Mob! Plus loads more goodies! For more info just text MAT to 87021.,Other,sms_spam
"SMS. ac JSco: Energy is high, but u may not know where 2channel it. 2day ur leadership skills r strong. Psychic? Reply ANS w/question. End? Reply END JSCO",Other,sms_spam
"I want to hold and exchange fiat currencies, what can I use to do so?",Inquiry,banking77
No mess and very strong glue. Not sticky like the others. I was a little dissapointed though because one of the bottles arrived cracked open and I couldn't use it.,Feedback,amazon_polarity
A good read on an interesting business. Some additional marketing spin but overall not too bad.,Feedback,amazon_polarity
So why didnt you holla?,Other,sms_spam
I lost track of my card,Complaint,banking77
"Really great airbed, comfortable, easy to inflate, portable. Seems to deflate rather quickly but only takes 5 seconds to refill.",Feedback,amazon_polarity
I love these pens and they are main pen I use at work. They write nice and are in pretty colors!,Feedback,amazon_polarity
How long does it take to receive my card?,Inquiry,banking77
YOU HAVE WON! As a valued Vodafone customer our computer has picked YOU to win a £150 prize. To collect is easy. Just call 09061743386,Other,sms_spam
"My 6 yr old loves this book, and I even like it too. It is well written and made the facts interesting and fun to read",Feedback,amazon_polarity
I was charged extra or a hidden fee when I purchased something from you. What's the deal? I didn't authorize that charge.,Complaint,banking77
What is the time frame that transfers normally take from a UK account? I just completed a transfer and nothing shows up. I need to know if everything is alright.,Complaint,banking77
When will my transfer move out of pending stage?,Complaint,banking77
"our mobile number has won £5000, to claim calls us back or ring the claims hot line on 09050005321.",Other,sms_spam
My payment card was declined - could you tell me why?,Complaint,banking77
You won't believe it but it's true. It's Incredible Txts! Reply G now to learn truly amazing things that will blow your mind. From O2FWD only 18p/txt,Other,sms_spam
"For an American railfan who wants to know exactly what his looking at when using the Paris system, this is a terffic handbook.",Feedback,amazon_polarity
Okay... We wait ah,Other,sms_spam
Fix my contactless,Complaint,banking77
"Clever, funny, different, and definitely weird. But I love it. I recommend to anyone that enjoys offbeat sitcoms without laughtracks.",Feedback,amazon_polarity
"You have won ?1,000 cash or a ?2,000 prize! To claim, call09050000327",Other,sms_spam
Vindication is really a treasure - a big red ruby of a novel that penetrates such important history witha raw heart and fierce intelligence. Wow.,Feedback,amazon_polarity
Why am I unable to withdrawal cash?,Complaint,banking77
I attempted to withdraw some money from an ATM this morning and received the wrong amount. Your app says I have enough money available in the account. Can someone tell me what's wrong?,Complaint,banking77
"This is an impressive book which covers the subject comprehensively and helpfully. I enjoyed thumbing through it, and look forward to having it in my library for reference.",Feedback,amazon_polarity
How do I claim a refund?,Inquiry,banking77
Long after I quit. I get on only like 5 minutes a day as it is.,Other,sms_spam
When trying to get more than one card is there a extra amount that needs to be paid?,Inquiry,banking77
Good Morning my Dear........... Have a great &amp; successful day.,Other,sms_spam
UR awarded a City Break and could WIN a £200 Summer Shopping spree every WK. Txt STORE to 88039.SkilGme.TsCs087147403231Winawk!Age16+£1.50perWKsub,Other,sms_spam
My identity hasn't been verified.  Can I use my account?,Inquiry,banking77
Why did I have to pay more when I do it with my card?,Complaint,banking77
Eh den sat u book e kb liao huh...,Other,sms_spam
"It looks like someone besides me ordered something with my card, what should I do?",Complaint,banking77
AH POOR BABY!HOPE URFEELING BETTERSN LUV! PROBTHAT OVERDOSE OF WORK HEY GO CAREFUL SPK 2 U SN LOTS OF LOVEJEN XXX.,Other,sms_spam
Fun read and a good introduction to David Drake and his writing style. Just when you think you have figured out what was going to happen next......,Feedback,amazon_polarity
Trying to take macro photos using the button on the camera is damm hard. That is why canon makes the remote switch.This makes it so much easier.,Feedback,amazon_polarity
Why is the ATM not allowing me to get cash?,Complaint,banking77
What am I being charged an extra pound when I haven't bought something worth that much?,Complaint,banking77
Cancel a transaction,Inquiry,banking77
A £400 XMAS REWARD IS WAITING FOR YOU! Our computer has randomly picked you from our loyal mobile customers to receive a £400 reward. Just call 09066380611,Other,sms_spam
"Thanks for your ringtone order, reference number X29. Your mobile will be charged 4.50. Should your tone not arrive please call customer services 09065989180",Other,sms_spam
Currency exchanges have any extra fees?,Inquiry,banking77
ASKED 3MOBILE IF 0870 CHATLINES INCLU IN FREE MINS. INDIA CUST SERVs SED YES. L8ER GOT MEGA BILL. 3 DONT GIV A SHIT. BAILIFF DUE IN DAYS. I O £250 3 WANT £800,Other,sms_spam
Need a new passcode.,Inquiry,banking77
Where is my refund? it appears to be missing.,Complaint,banking77
Valentines Day Special! Win over £1000 in our quiz and take your partner on the trip of a lifetime! Send GO to 83600 now. 150p/msg rcvd. CustCare:08718720201,Other,sms_spam
This monitor is great. The service I got when I order was fast and great. I would order again.,Feedback,amazon_polarity
Why hasn't my balance increased after depositing a check?,Complaint,banking77
ME 2 BABE I FEEL THE SAME LETS JUST 4GET ABOUT IT+BOTH TRY +CHEER UP+NOT FIT SOO MUCHXXLOVE U LOCAXX,Other,sms_spam
Ringtone Club: Get the UK singles chart on your mobile each week and choose any top quality ringtone! This message is free of charge.,Other,sms_spam
I had a transfer blocked,Complaint,banking77
There is an urgent transfer I need to make from China.  How long will it take to get it processed?,Inquiry,banking77
Ringtone Club: Gr8 new polys direct to your mobile every week !,Other,sms_spam
What is the verification code for my top up card?,Inquiry,banking77
"I enjoyed this waist cincher! it corrects my posture, and makes me look slimmer!However, I think it stretched out a bit... Or I lost some inches!",Feedback,amazon_polarity
My card stopped working after multiple transactions. Why?,Complaint,banking77
"Nice closure to the Trilogy, but it's a little slower and the action is not as good as the 2nd film.",Feedback,amazon_polarity
My top-up is taking a while to process!,Complaint,banking77
Arrived way earlier than they said it would and it arrived in great shape definitely cheaper than buying it from the store,Feedback,amazon_polarity
"""Castle"" is a wonderful book for children who have short attention spans. It provides adventure and re-affirms the laws of chivalry.",Feedback,amazon_polarity
Is it possible for me to get a virtual card?,Inquiry,banking77
Is there a  way to  get around fees,Complaint,banking77
I want to end my account,Inquiry,banking77
Haven't left yet so probably gonna be here til dinner,Other,sms_spam
What is the process to create a disposable virtual card?,Inquiry,banking77
Why is my top up still pending?,Complaint,banking77
Future is not what we planned for tomorrow.....! it is the result of what we do today...! Do the best in present... enjoy the future.,Other,sms_spam
Is auto top up available?,Inquiry,banking77
Why am I seeing a transfer fee?,Complaint,banking77
Tell me why my topup wouldn't go through?,Complaint,banking77
XMAS iscoming & ur awarded either £500 CD gift vouchers & free entry 2 r £100 weekly draw txt MUSIC to 87066 TnC www.Ldew.com1win150ppmx3age16subscription,Other,sms_spam
"I was charged a fee when making this transfer, and I don't think I should have been!",Complaint,banking77
Why hasn't my in country transfer gone through yet? I confirmed the account info a couple days ago but the payment hasn't been posted yet.,Complaint,banking77
Good read................. ............... .... ....... ........ .......... ......... ......... ......... ......... ..... ..... ..... . . . . .. . . .,Feedback,amazon_polarity
A direct debit payment that I didn't authorise shows up in my app.,Complaint,banking77
I have a granddaughter that loves her Barbie dolls. I love to knit. It is a good way for me to give her doll clothes without spending alot of money.,Feedback,amazon_polarity
Is it possible to exchange currencies using the app?,Inquiry,banking77
I thought transfers were free of charge.  I bought something abroad and got charged a ridiculous fee. How do I get this problem fixed.,Complaint,banking77
Thank you Suellen for sharing your wonderful talent! The book gave me a new inspiration and enthusiasm for my art.,Feedback,amazon_polarity
Lol grr my mom is taking forever with my prescription. Pharmacy is like 2 minutes away. Ugh.,Other,sms_spam
"FREE MESSAGE Activate your 500 FREE Text Messages by replying to this message with the word FREE For terms & conditions, visit www.07781482378.com",Other,sms_spam
Same as u... Dun wan... Y u dun like me already ah... Wat u doing now? Still eating?,Other,sms_spam
ringtoneking 84484,Other,sms_spam
The product was damaged when received so I returned it. Received a phone call asking the problem and had a replacement within a few days. Appreciate the response.,Feedback,amazon_polarity
Hi! You just spoke to MANEESHA V. We'd like to know if you were satisfied with the experience. Reply Toll Free with Yes or No.,Other,sms_spam
Learned tons of facts about the universe from this book. I read it in one night but loved every minute of it.,Feedback,amazon_polarity
I haven't seen the cash yet from the cheque I deposited.,Complaint,banking77
We walked from my moms. Right on stagwood pass right on winterstone left on victors hill. Address is &lt;#&gt;,Other,sms_spam
Is there a way to top-up when it reaches a certain balance?,Inquiry,banking77
Oh ok wait 4 me there... My lect havent finish,Other,sms_spam
Why did my top-up not get approved this time?,Complaint,banking77
What is the cost for an exchange fee?,Inquiry,banking77
"There was just a withdrawal but it wasn't me, I've never even visited the town where the withdrawal happened.",Complaint,banking77
What is the extra fee that was added when I used the card?,Complaint,banking77
unhappy with service need to delete account,Inquiry,banking77
"cmon babe, make me horny, *turn* me on! Txt me your fantasy now babe -) Im hot, sticky and need you now. All replies cost £1.50. 2 cancel send STOP",Other,sms_spam
Are cards from the US accepted?,Inquiry,banking77
I got it before the new year cos yetunde said she wanted to surprise you with it but when i didnt see money i returned it mid january before the  &lt;#&gt; day return period ended.,Other,sms_spam
"Hello, my love. What are you doing? Did you get to that interview today? Are you you happy? Are you being a good boy? Do you think of me?Are you missing me ?",Other,sms_spam
5 nights...We nt staying at port step liao...Too ex,Other,sms_spam
It's BSG! on Blu-Ray! Perhaps the greatest sci-fi series I've ever watched. What more can I say??? Buy it. Now!,Feedback,amazon_polarity
I purchased this for a friend's daughter. It arrived on time and it fit well. It looked great too. Looks spot on as yoda.,Feedback,amazon_polarity
"Love isn't a decision, it's a feeling. If we could decide who to love, then, life would be much simpler, but then less magical",Other,sms_spam
I LOVE SET IT OFF!!! this movie is in my opinion a CLASSIC. The Blu Ray is excellent!!! this is a must have movie.,Feedback,amazon_polarity
SMS. ac Sptv: The New Jersey Devils and the Detroit Red Wings play Ice Hockey. Correct or Incorrect? End? Reply END SPTV,Other,sms_spam
I  see an extra 1£ charge on my app. Why did It charge me extra?,Complaint,banking77
I wanted to wish you a Happy New Year and I wanted to talk to you about some legal advice to do with when Gary and I split but in person. I'll make a trip to Ptbo for that. I hope everything is good with you babe and I love ya :),Other,sms_spam
"Kettle works great, but the base is a little flimsy considering the high price.",Feedback,amazon_polarity
Also remember to get dobby's bowl from your car,Other,sms_spam
"Eclectic selection of mixes and previously unavailable songs from artists of the 80s and early 90s. Definitely worth the price, and wothy of adding to any music collection.",Feedback,amazon_polarity
FreeMsg: Hey - I'm Buffy. 25 and love to satisfy men. Home alone feeling randy. Reply 2 C my PIX! QlynnBV Help08700621170150p a msg Send stop to stop txts,Other,sms_spam
And stop being an old man. You get to build snowman snow angels and snowball fights.,Other,sms_spam
Ok going to sleep. Hope i can meet her.,Other,sms_spam
"have used this product for years, love itTpriced about right and the fragrance does not interfear with other fragrances",Feedback,amazon_polarity
I just moved to the US how do I get a card?,Inquiry,banking77
"ou are guaranteed the latest Nokia Phone, a 40GB iPod MP3 player or a £500 prize! Txt word: COLLECT to No: 83355! IBHltd LdnW15H 150p/Mtmsgrcvd18",Other,sms_spam
i have a 28-29 inch waist normally. should've started with a size Small. the XS seemed a bit smaller than described. definitely gets the job done in cinching the waist!,Feedback,amazon_polarity
"pdate_Now - Double mins and 1000 txts on Orange tariffs. Latest Motorola, SonyEricsson & Nokia & Bluetooth FREE! Call MobileUpd8 on 08000839402 or call2optout/!YHL",Other,sms_spam
Wat time u finish ur lect today?,Other,sms_spam
My top-up has failed.,Complaint,banking77
What is the charge for sending out more cards?,Inquiry,banking77
Lots of great information making it easy to choice the right things to eat.I have given this book as a gift and suggested it to many.RKC,Feedback,amazon_polarity
"This novel, like all of Linda Howard's books, is centered around an intriguing relationship, with lots of twists and turns before the happy ending. Her books never fail to please!",Feedback,amazon_polarity
"I am unable to activate my card, it won't let me.",Inquiry,banking77
I bought this book for my 5 year old as we begin to explore the world of astronomy. She loved it from the very beginning.,Feedback,amazon_polarity
i'm trying to buy every book in this series and buying them all at a book store would be too expensive. this was a better alternative.,Feedback,amazon_polarity
What are the steps I need to take to verify my identity?,Inquiry,banking77
Is there a limit to a disposable virtual card?,Inquiry,banking77
"I want to withdraw money, where can I go?",Inquiry,banking77
"This album is very easy to listen to, and with Lydia's soft, enticing voice should make this a family favorite.",Feedback,amazon_polarity
I bought this book for my friend Lorna for all she has done for me and she got a kick out of it,Feedback,amazon_polarity
The whole transaction went smoothly. Arrived within reasonable amount of time however have not had the time to watch the movie yet!,Feedback,amazon_polarity
"Anyone interested in Paganism, Witchcraft, or Wicca really should own this book. I cannot recommend it highly enough. It is fluff-free and academically, though not poorly, written.",Feedback,amazon_polarity
RT-KIng Pro Video Club>> Need help? info@ringtoneking.co.uk or call 08701237397 You must be 16+ Club credits redeemable at www.ringtoneking.co.uk! Enjoy!,Other,sms_spam
I saved a great amount of money. The product is working great and I received it very quickly.,Feedback,amazon_polarity
This product works for me. After a few applications you can see peel the skin away on my corns which leaves me more comfortable throughout the day.,Feedback,amazon_polarity
"Freaking Amazing! Best Batman! Christian Bale has delivered some amazing performances as Batman, but this is the best there is.",Feedback,amazon_polarity
Yo guess what I just dropped,Other,sms_spam
"Shit that is really shocking and scary, cant imagine for a second. Def up for night out. Do u think there is somewhere i could crash for night, save on taxi?",Other,sms_spam
Not what I expected. Good entertainment but the storyline and characters are a bit like Swiss cheese... Full of holes. Worth the $3.99 rental price but I wouldn't buy it.,Feedback,amazon_polarity
"SIX chances to win CASH! From 100 to 20,000 pounds txt> CSH11 and send to 87575. Cost 150p/day, 6days, 16+ TsandCs apply Reply HL 4 info",Other,sms_spam
As one of our registered subscribers u can enter the draw 4 a 100 G.B. gift voucher by replying with ENTER. To unsubscribe text STOP,Other,sms_spam
"It's that time of the week again, ryan",Other,sms_spam
Want explicit SEX in 30 secs? Ring 02073162414 now! Costs 20p/min Gsex POBOX 2667 WC1N 3XX,Other,sms_spam
Can I set up an automatic top-up for travel.,Inquiry,banking77
Need to deposit a cheque into my account,Inquiry,banking77
"This was a good reference book, but unfortunatelly it got outdated very fast... I wish it had more indepth explanations in some cases but it does the job.",Feedback,amazon_polarity
"Hello darling how are you today? I would love to have a chat, why dont you tell me what you look like and what you are in to sexy?",Other,sms_spam
What steps do I have to go through in order to activate my new card?,Inquiry,banking77
What are the fees of using an international card to add money?,Inquiry,banking77
I want to op up my account by using bank transfer. How do I go about it?,Inquiry,banking77
"This filter worked just fine and since we cannot find them in our local stores, its nice to be able to get them from Amazon",Feedback,amazon_polarity
I bought this for my boyfriend for Christmas and he LOVES it! It looks really nice on the counter top.,Feedback,amazon_polarity
BOO BABE! U ENJOYIN YOURJOB? U SEEMED 2 B GETTIN ON WELL HUNNY!HOPE URE OK?TAKE CARE & ILLSPEAK 2U SOONLOTS OF LOVEME XXXX.,Other,sms_spam
"My 10 year old daughter loves this game, and it was not expensive at all. She found it to be very fun and easy to understand.",Feedback,amazon_polarity
why wont my american express work to add money,Inquiry,banking77
I wish that American films had that level of sophistication. It was a wonderfully made film and I loved it beyond belief.,Feedback,amazon_polarity
How do I replace a card that's going to expire?,Inquiry,banking77
I like these shoes a lot they run a little small but are really cute and comfortable.,Feedback,amazon_polarity
Ok cool. See ya then.,Other,sms_spam
Where do I scan my card?,Inquiry,banking77
Our brand new mobile music service is now live. The free music player will arrive shortly. Just install on your phone to browse content from the top artists.,Other,sms_spam
"Great action movie, intense, demographics was awesome. Definitely a but movie to watch again, but with prime time i can without buying it!!",Feedback,amazon_polarity
"I bought something in another currency, but the exchange rate was incorrect.",Complaint,banking77
"Urgent Urgent! We have 800 FREE flights to Europe to give away, call B4 10th Sept & take a friend 4 FREE. Call now to claim on 09050000555. BA128NNFWFLY150ppm",Other,sms_spam
"Hello, Just now i got to know withdrawal of money from of my account. As someone used my card to withdraw amount in any odd remote area. Since i have not been in that area, please freeze my card immediately.",Complaint,banking77
This product completely fulfills my requirements for its ease of use. It provides the accuracy I require. It is entirely recommendable.,Feedback,amazon_polarity
What is the process when my card is due to expire?,Inquiry,banking77
"Rainbow always maintains a gentle mood, and gives an excellent practice in this DVD.",Feedback,amazon_polarity
Does auto top-up have a limit?,Inquiry,banking77
What will I need to configure if my salary is in GBP?,Inquiry,banking77
Aww that's the first time u said u missed me without asking if I missed u first. You DO love me! :),Other,sms_spam
Good Morning my Dear Shijutta........... Have a great &amp; successful day.,Other,sms_spam
"Excelente concierto en el castillo Slane en IRLANDA, Bono se entrega a su publico, buen sonido, buenas imagenes, magnificos extras. LO RECOMIENDO DOS HORAS DE U2",Feedback,amazon_polarity
"The expiration of my card is near, how do I order a new card?",Inquiry,banking77
"And stop wondering ""wow is she ever going to stop tm'ing me ?!"" because I will tm you whenever I want because you are MINE ... *laughs*",Other,sms_spam
i really don't have much to say. the shipping was pretty fast and this book is my class requirement.,Feedback,amazon_polarity
"Transfer was declined, could not complete request.",Complaint,banking77
There is a potentially fraudulent direct debit on my account.,Complaint,banking77
How do I actually obtain a card myself?,Inquiry,banking77
Which currencies will you exchange?,Inquiry,banking77
My card was declined in a shop,Complaint,banking77
What's the refund process?,Inquiry,banking77
This message is brought to you by GMW Ltd. and is not connected to the,Other,sms_spam
music selections were greatQuality of 3 disks were poor. Last two or three songs skipped or stoped without completion of songs.,Feedback,amazon_polarity
This item was just as stated. I bought these because of the price. It was a necessity to have in the house.,Feedback,amazon_polarity
Send a logo 2 ur lover - 2 names joined by a heart. Txt LOVE NAME1 NAME2 MOBNO eg LOVE ADAM EVE 07123456789 to 87077 Yahoo! POBox36504W45WQ TxtNO 4 no ads 150p.,Other,sms_spam
I'd like to use my American Express to place money into my account.,Inquiry,banking77
FREE entry into our £250 weekly competition just text the word WIN to 80086 NOW. 18 T&C www.txttowin.co.uk,Other,sms_spam
How long is a delivery to the US?,Inquiry,banking77
"Congrats! 2 mobile 3G Videophones R yours. call 09061744553 now! videochat wid ur mates, play java games, Dload polyH music, noline rentl. bx420. ip4. 5we. 150pm",Other,sms_spam
Is it simple to transfer money using my credit card?,Inquiry,banking77
"'An Amazing Quote'' - ""Sometimes in life its difficult to decide whats wrong!! a lie that brings a smile or the truth that brings a tear....""",Other,sms_spam
Does it cost me to add cash?,Inquiry,banking77
Tell me how to replace my expired card.,Inquiry,banking77
I sent money for my rent to my landlord but she is claiming it hasn't arrived in her account  Can you trace the transfer I made to make sure it arrived so I can provide proof I sent it and that it has been deposited?,Complaint,banking77
How can I cancel my transfer?,Inquiry,banking77
"You can stop further club tones by replying ""STOP MIX"" See my-tone.com/enjoy. html for terms. Club tones cost GBP4.50/week. MFL, PO Box 1146 MK45 2WT (2/3)",Other,sms_spam
Eh sorry leh... I din c ur msg. Not sad already lar. Me watching tv now. U still in office?,Other,sms_spam
It seems that the rate I got is incorrect.,Complaint,banking77
I would like to transfer money from my other bank account into this one.,Inquiry,banking77
[...] This is a great lotion which will last thru a couple of hand washings. The fragrance is baby powder fresh. My #1 pick over about 25 others. J.,Feedback,amazon_polarity
This movie was delivered by Santa and we've already watched it a few times!! Fabulous story and incredible graphics - Anne Hathaway is an amazing Catwoman as well!,Feedback,amazon_polarity
Where can I find how to change my name?,Inquiry,banking77
I need someone to assist me with explaining how much I can top-up.,Inquiry,banking77
"A strange card payment, I do not recognize it.",Complaint,banking77
"Help! I keep checking my account, but my refund is not showing. I requested that a seller refund my money a while back, but there is no money showing in my account. What can you do for me?",Complaint,banking77
"Wonderful video, very comical and loved by kids, also teaches some good Biblical truths and good gospel songs.",Feedback,amazon_polarity
Where is my last money transaction,Complaint,banking77
"Perfect, Original DvD. Comes with an official pkmn forever suicune card.(In case)Also this item is mint and ships fast. A very good product. Recommend for kids and adults.",Feedback,amazon_polarity
How do I freeze my card using the app?,Complaint,banking77
MY NEW YEARS EVE WAS OK. I WENT TO A PARTY WITH MY BOYFRIEND. WHO IS THIS SI THEN HEY,Other,sms_spam
Do you want a New Nokia 3510i Colour Phone Delivered Tomorrow? With 200 FREE minutes to any mobile + 100 FREE text + FREE camcorder Reply or Call 08000930705,Other,sms_spam
Can I reset my PIN if it is blocked?,Complaint,banking77
Let me know when I get charged extra for payments. I saw on the app a fee I wasn't forewarned about.,Complaint,banking77
Im going to need to make a transfer from a UK account but I need it to go through ASAP. Is that going to be possible or will it take forever?? Im hoping it will be a couple hours and not a couple weeks.,Complaint,banking77
Tell me whos this pls:-),Other,sms_spam
Why has my top-up been denied?,Complaint,banking77
Which currencies can I use to add money?,Inquiry,banking77
I'm job profile seems like bpo..,Other,sms_spam
My husband has enjoyed this camera a lot. Just what he wanted and was even more impressed with the price.,Feedback,amazon_polarity
WONDERFUL DISCRIPTIVE NOVEL. HEARTWARMING & HOLDS YOUR INTEREST. HARD TO PUT IN DOWN. WOULD READ IT AGAIN. CREATIVE WRITING BY AN EXCELLENT AUTHOR.,Feedback,amazon_polarity
"This is a fun book because it is about life in a diminute world sharing times with knights, servants, other different people and Alabaster, the small world wizard.",Feedback,amazon_polarity
In regards to the PIN of the card?,Inquiry,banking77
Experienced no problems with the order. The book came within the estimated delivery date. The book matched the description given.,Feedback,amazon_polarity
"This bag holds all my camera needs,body and two lens. May be a little small for Pros. It is perfect for me.",Feedback,amazon_polarity
How do I go through the identity checks?,Inquiry,banking77
Help!  The app has an ATM withdrawl that I didn't make.,Complaint,banking77
WIN URGENT! Your mobile number has been awarded with a £2000 prize GUARANTEED call 09061790121 from land line. claim 3030 valid 12hrs only 150ppm,Other,sms_spam
I withdrew cash and was charged. Why?,Complaint,banking77
"This is timeless and inspiring. i buy it for many people who think Kerouac is just ""On the Road"" .",Feedback,amazon_polarity
"""Leverage"" is smart, exciting, funny and well written; a compelling combination for a television series. The seasonal last episode leaves you wanting more.",Feedback,amazon_polarity
"I tried using my card and it kept getting declined, Why?",Complaint,banking77
I was declined a transfer,Complaint,banking77
My card payment doesn't work.,Complaint,banking77
Can I get a new card?,Inquiry,banking77
There's a recent charge on my card that I know I didn't make because I've never seen the name before. Can we investigate this?,Complaint,banking77
"Could you refund my transaction, I paid it into the wrong account. I need to be able to pay it into the right account by tomorrow.",Inquiry,banking77
"A twist on pictionary. If you like pictionary you'll love this. If you didn't like pictionary because you couldn't draw, this is the game for you. No drawing just creating.",Feedback,amazon_polarity
What are the benefits of a disposable card?,Inquiry,banking77
I'm checking the app and I see a payment that's not mine.,Complaint,banking77
Enjoy the jamster videosound gold club with your credits for 2 new videosounds+2 logos+musicnews! get more fun from jamster.co.uk! 16+only Help? call: 09701213186,Other,sms_spam
I have been travelling overseas and I need to change my PIN. Can you tell me how this is done?,Inquiry,banking77
Get ur 1st RINGTONE FREE NOW! Reply to this msg with TONE. Gr8 TOP 20 tones to your phone every week just £1.50 per wk 2 opt out send STOP 08452810071 16,Other,sms_spam
My transfer failed when I tried.,Complaint,banking77
Yo dude guess who just got arrested the other day,Other,sms_spam
I don't really remember what's on this one. I purchased to install in my MP3 for walking/jogging and it's fine,Feedback,amazon_polarity
good why would I want to keep writing writing and writing while all I wanted to say is good. strange.,Feedback,amazon_polarity
"Last Chance! Claim ur £150 worth of discount vouchers today! Text SHOP to 85023 now! SavaMob, offers mobile! T Cs SavaMob POBOX84, M263UZ. £3.00 Sub. 16",Other,sms_spam
this song really brings up EWF into the Current Scene.very Powerful Message song from EWF.Strong Music&Words.for anyone who digs EWF this is a Must.,Feedback,amazon_polarity
I really need to top-up my card today urgently but my card keeps getting declined!! Can you please help me with this problem or let me know if you have any alternatives,Complaint,banking77
You have WON a guaranteed £1000 cash or a £2000 prize. To claim yr prize call our customer service representative on 08714712394 between 10am-7pm,Other,sms_spam
use my credit to add money,Inquiry,banking77
I thought it was free to make a withdrawal. So how much does it cost now?,Complaint,banking77
Top up on my Google Pay isn't working.,Inquiry,banking77
"Hi, I was trying to use my card but it was declining by ATM. I have cross checked with two different ATMs but i was facing the same issue. Could you please check my account.",Complaint,banking77
I wasn't applied the correct exchange rate when getting cash,Complaint,banking77
"Tunde, how are you doing. This is just wishing you a great day. Abiola.",Other,sms_spam
"Now that I have my card, how do I connect it to the app?",Inquiry,banking77
I think a payment I made with a card was cancelled.,Complaint,banking77
I would appreciate it if I could get an item refunded,Inquiry,banking77
WHAT TIME U WRKIN?,Other,sms_spam
URGENT! We are trying to contact you. Last weekends draw shows that you have won a £900 prize GUARANTEED. Call 09061701939. Claim code S89. Valid 12hrs only,Other,sms_spam
You have 1 new message. Call 0207-083-6089,Other,sms_spam
"I found this book to be a great resource and full of useful informnation as I am just getting into tarpon, permit and possibly some bonefish.",Feedback,amazon_polarity
Where can I reset the passcode?,Inquiry,banking77
The Westing game is a great book with a very surprise ending. Raskin does a good job of keeping the book exciting till the very end. A+,Feedback,amazon_polarity
"The items were used and slightly soiled but overall, I'm happy with the items and feel the value was justified.",Feedback,amazon_polarity
"The practical and down to earth advice is something that anyone--even men--will find concise, helpful and authoritative.",Feedback,amazon_polarity
"Really enjoy this machine. It is great on small lawns, light and easy to use and cleaning is a snap.",Feedback,amazon_polarity
-PLS STOP bootydelious (32/F) is inviting you to be her friend. Reply YES-434 or NO-434 See her: www.SMS.ac/u/bootydelious STOP? Send STOP FRND to 62468,Other,sms_spam
"Urgh, coach hot, smells of chip fat! Thanks again, especially for the duvet (not a predictive text word).",Other,sms_spam
"Just received my copy of ""13"" and it's a classic. Will be one of your all time favorite OMD recordings, just like all the rest of their music.",Feedback,amazon_polarity
I am still waiting for a transfer to show,Complaint,banking77
The card I have doesn't work.,Complaint,banking77
"In terms of holding and exchange, what fiat currencies do you use.",Inquiry,banking77
What is the charge for topping up a card?,Inquiry,banking77
"2008 CalorieKing Calorie, Fat & Carbohydrate Counter (Calorie King)Received in a very timely manner.",Feedback,amazon_polarity
"My professor uses this book for our homework, so it's great to have the worked examples. It also really helps with the labs.",Feedback,amazon_polarity
UR GOING 2 BAHAMAS! CallFREEFONE 08081560665 and speak to a live operator to claim either Bahamas cruise of£2000 CASH 18+only. To opt out txt X to 07786200117,Other,sms_spam
I have no Thermometer i this watch. It is digital and analog so it's pretty complicated to set. Don't lose your instructions.,Feedback,amazon_polarity
Why hasn't my transaction been completed?,Complaint,banking77
First and foremost the price was unbelievable! The shoe is made of quality materials which gives a comfortable fit and expensive look. Great for casual attire as well as jeans.,Feedback,amazon_polarity
Can I have another card in addition to my first one?,Inquiry,banking77
Is it possible to change my pin if i am out of the country?,Inquiry,banking77
I bought this item for my son who is serving in the military. He got it quickly and in good condition. He and his wife really like this series.,Feedback,amazon_polarity
What are the uses for disposable cards?,Inquiry,banking77
Help! My card isn't working at the ATM and I know I used the right PIN. Trying to get my money.,Complaint,banking77
Why can't I withdraw money?,Complaint,banking77
I just did a money transaction but its not showing they received it,Complaint,banking77
Can you tell me what the exchange fee is?,Inquiry,banking77
Why was my card declined?,Complaint,banking77
"consistent production quality like first two movies in the series..and like the other series movies,plenty of humor from the additional characters ( and first-rate actors) thruout the movie",Feedback,amazon_polarity
is there a reason that my payment didnt go through,Complaint,banking77
I would like for someone to tell me which fiat currencies that your company supports.,Inquiry,banking77
Why did you charge me for a cash withdrawal?,Complaint,banking77
what's my top-up verification code?,Inquiry,banking77
WINNER!! As a valued network customer you have been selected to receivea £900 prize reward! To claim call 09061701461. Claim code KL341. Valid 12 hours only.,Other,sms_spam
"OH YEAH,AND HAV A GREAT TIME IN NEWQUAY-SEND ME A POSTCARD !1 LOOK AFTER ALL THE GIRLS WHILE IM GONE(U KNOW THE 1IM TALKIN BOUT!)xx",Other,sms_spam
"Both watches were send as described, sensational fast. Many thanks!Both watches were send as described, sensational fast. Many thanks!",Feedback,amazon_polarity
S but mostly not like that.,Other,sms_spam
How old do you need to be to have an account?,Inquiry,banking77
"provides great support and slims me down by 2 inches when I wear it (I ordered a size small). The size chart is very accurate, it fits like a glove.",Feedback,amazon_polarity
Everybody had fun this evening. Miss you.,Other,sms_spam
"Shop till u Drop, IS IT YOU, either 10K, 5K, £500 Cash or £100 Travel voucher, Call now, 09064011000. NTT PO Box CR01327BT fixedline Cost 150ppm mobile vary",Other,sms_spam
I can't access my account.,Inquiry,banking77
Please CALL 08712402972 immediately as there is an urgent message waiting for you,Other,sms_spam
Where did my money come from?,Inquiry,banking77
Can I have a tangible form of my virtual card.,Inquiry,banking77
When did I get a $1 extra fee on my statement?,Complaint,banking77
"URGENT! You have won a 1 week FREE membership in our £100,000 Prize Jackpot! Txt the word: CLAIM to No: 81010 T&C www.dbuk.net LCCLTD POBOX 4403LDNW1A7RW18",Other,sms_spam
I need to have an item refunded.,Inquiry,banking77
May I choose between Visa and Mastercard?,Inquiry,banking77
This is a great costume. All the extra pieces make it really great. This is one of our favorite costumes.,Feedback,amazon_polarity
Those cocksuckers. If it makes you feel better ipads are worthless garbage novelty items and you should feel bad for even wanting one,Other,sms_spam
Can I get my card fast tracked?,Inquiry,banking77
great I enjoyed the movie and remember it from TV. Acting is spot on and would recommend it. Fun movie,Feedback,amazon_polarity
There is a cash withdrawal transaction that I am unsure of.,Complaint,banking77
"Ya ok, vikky vl c witin  &lt;#&gt; mins and il reply u..",Other,sms_spam
Can you send me more cards for my account?,Inquiry,banking77
Does it cost anything for exchanges?,Inquiry,banking77
How do I enable contactless pay?,Complaint,banking77
How do I fix my card if it is broken?,Complaint,banking77
"I liked this, my guests said it was comfortable. It stayed inflated for the 7 days of guests and no one complained about it.",Feedback,amazon_polarity
I can not get the app to know it is me.,Complaint,banking77
"Its an ok value for the money, would buy from amazon again in the future. thanks for the good deal",Feedback,amazon_polarity
Is there a number to call to get my pin unblocked?,Complaint,banking77
I tried entering my passcode and it isn't working. Can you help?,Inquiry,banking77
This item was a gift and I am basing my review on the three movies which I have seen.,Feedback,amazon_polarity
"I just noticed that I supposedly made a payment to a seller a while back. The problem is, I don't recognize the seller. There must be a way to see who it is or track the payment. Can you do that, because I don't remember this transaction?",Complaint,banking77
Is there a fee for topping up a card?,Inquiry,banking77
Unfortunately I had to return this movie. It was also a Christmas gift. Already had one.. My kids have one or I would have kept it..,Feedback,amazon_polarity
Ok no prob... I'll come after lunch then...,Other,sms_spam
I've deposited a check in my account but the cash isn't showing as available.,Complaint,banking77
how much to get my card in 2 days?,Inquiry,banking77
Great bag for the money it fits my rebel with the extra lens and everything I need a no brainer,Feedback,amazon_polarity
Dunno cos i was v late n when i reach they inside already... But we ate spageddies lor... It's e gals who r laughing at me lor...,Other,sms_spam
How long do transfers take to show up in my account?,Complaint,banking77
Yup no more already... Thanx 4 printing n handing it up.,Other,sms_spam
Will you be adding more currencies in the future?,Inquiry,banking77
"Recently introduced to Echo Bodine, I like her voice. I find her work engaging, enjoyable, not always to the depth that I would like, but helpful overall.",Feedback,amazon_polarity
i was looking for a 75-300mm lens that is not expensive and i found Tamron pack and it is very good to handle and give a nice pictures.,Feedback,amazon_polarity
My payment was reverted by the app,Complaint,banking77
I have personally used this edition of the Psalms for quite a while. Because I enjoy it so much I have purchased several copies for friends,Feedback,amazon_polarity
I think a card payment I made was cancelled.,Complaint,banking77
"This is the classic 3rd album from Overkill. The riffs are killer, the vocals as always are awesome and the drums make your pulse race. Awesome job!!!",Feedback,amazon_polarity
Did  my transfer fail?,Complaint,banking77
I need to know if everything is okay here. After making a transfer from a UK account it doesn't show up. How long does this normally take to process?,Complaint,banking77
Ok then no need to tell me anything i am going to sleep good night,Other,sms_spam
To sum it up in 1 sentance... this is the best album of all time! simple as...,Feedback,amazon_polarity
Yup next stop.,Other,sms_spam
"It is a low budget, but well made series. I enjoyed it! And with the exception of one episode, it is true to Ellis Peters' Bro. Cadfael books.",Feedback,amazon_polarity
I thought this was very good. Usually the sequels aren't that good but this was much better than I thought it was going to be.,Feedback,amazon_polarity
My dad is elderly and he is loving the convenience of a single cup of coffee and it beats instant!,Feedback,amazon_polarity
What are the top-up fees?,Inquiry,banking77
"YOU WILL NEVER BE THE SAME AGAIN. IT WILL CHANGE YOUR LIFE. IT CHANGED MINE OVER 5 YEARS AGO, AND I AM STILL GROWING FROM IT EVERYDAY!",Feedback,amazon_polarity
"Easier to install than any other grip (no wrapping it around) and offers a nice cushion and grip. Won't last more than 9-10 matches, but easy and cheap to replace.",Feedback,amazon_polarity
